mode: set
github.com/kubestellar/hive/v2/pkg/hub/alerts.go:207.51,209.2 1 1
github.com/kubestellar/hive/v2/pkg/hub/alerts.go:242.34,248.2 1 1
github.com/kubestellar/hive/v2/pkg/hub/alerts.go:255.80,256.68 1 1
github.com/kubestellar/hive/v2/pkg/hub/alerts.go:256.68,258.3 1 1
github.com/kubestellar/hive/v2/pkg/hub/alerts.go:259.2,260.31 2 1
github.com/kubestellar/hive/v2/pkg/hub/alerts.go:260.31,262.3 1 1
github.com/kubestellar/hive/v2/pkg/hub/alerts.go:264.2,271.24 6 1
github.com/kubestellar/hive/v2/pkg/hub/alerts.go:271.24,272.51 1 1
github.com/kubestellar/hive/v2/pkg/hub/alerts.go:272.51,273.12 1 1
github.com/kubestellar/hive/v2/pkg/hub/alerts.go:275.3,275.28 1 1
github.com/kubestellar/hive/v2/pkg/hub/alerts.go:275.28,277.4 1 1
github.com/kubestellar/hive/v2/pkg/hub/alerts.go:278.3,278.25 1 1
github.com/kubestellar/hive/v2/pkg/hub/alerts.go:280.2,280.11 1 1
github.com/kubestellar/hive/v2/pkg/hub/alerts.go:280.11,282.3 1 1
github.com/kubestellar/hive/v2/pkg/hub/alerts.go:284.2,284.41 1 1
github.com/kubestellar/hive/v2/pkg/hub/alerts.go:284.41,286.3 1 0
github.com/kubestellar/hive/v2/pkg/hub/alerts.go:288.2,291.19 4 1
github.com/kubestellar/hive/v2/pkg/hub/alerts.go:297.87,301.50 4 1
github.com/kubestellar/hive/v2/pkg/hub/alerts.go:301.50,303.3 1 1
github.com/kubestellar/hive/v2/pkg/hub/alerts.go:304.2,305.12 2 1
github.com/kubestellar/hive/v2/pkg/hub/alerts.go:315.63,318.31 3 1
github.com/kubestellar/hive/v2/pkg/hub/alerts.go:318.31,319.19 1 1
github.com/kubestellar/hive/v2/pkg/hub/alerts.go:319.19,322.4 2 1
github.com/kubestellar/hive/v2/pkg/hub/alerts.go:329.98,333.9 4 1
github.com/kubestellar/hive/v2/pkg/hub/alerts.go:333.9,335.3 1 1
github.com/kubestellar/hive/v2/pkg/hub/alerts.go:336.2,336.38 1 1
github.com/kubestellar/hive/v2/pkg/hub/alerts.go:336.38,338.3 1 1
github.com/kubestellar/hive/v2/pkg/hub/alerts.go:339.2,339.46 1 1
github.com/kubestellar/hive/v2/pkg/hub/alerts.go:339.46,343.3 1 0
github.com/kubestellar/hive/v2/pkg/hub/alerts.go:344.2,344.18 1 1
github.com/kubestellar/hive/v2/pkg/hub/alerts.go:350.79,355.24 5 1
github.com/kubestellar/hive/v2/pkg/hub/alerts.go:355.24,357.3 1 1
github.com/kubestellar/hive/v2/pkg/hub/alerts.go:358.2,365.13 2 1
github.com/kubestellar/hive/v2/pkg/hub/alerts.go:369.57,373.2 3 1
github.com/kubestellar/hive/v2/pkg/hub/alerts.go:376.57,380.27 4 1
github.com/kubestellar/hive/v2/pkg/hub/alerts.go:380.27,382.3 1 1
github.com/kubestellar/hive/v2/pkg/hub/alerts.go:383.2,383.12 1 1
github.com/kubestellar/hive/v2/pkg/hub/alerts.go:389.79,393.27 4 1
github.com/kubestellar/hive/v2/pkg/hub/alerts.go:393.27,394.37 1 1
github.com/kubestellar/hive/v2/pkg/hub/alerts.go:394.37,396.12 2 1
github.com/kubestellar/hive/v2/pkg/hub/alerts.go:398.3,398.37 1 1
github.com/kubestellar/hive/v2/pkg/hub/alerts.go:398.37,400.12 2 1
github.com/kubestellar/hive/v2/pkg/hub/alerts.go:402.3,407.37 2 1
github.com/kubestellar/hive/v2/pkg/hub/alerts.go:407.37,409.4 1 1
github.com/kubestellar/hive/v2/pkg/hub/alerts.go:411.2,411.15 1 1
github.com/kubestellar/hive/v2/pkg/hub/alerts.go:442.50,459.2 1 1
github.com/kubestellar/hive/v2/pkg/hub/alerts.go:469.45,470.37 1 1
github.com/kubestellar/hive/v2/pkg/hub/alerts.go:470.37,472.3 1 1
github.com/kubestellar/hive/v2/pkg/hub/alerts.go:473.2,473.55 1 1
github.com/kubestellar/hive/v2/pkg/hub/alerts.go:500.58,501.19 1 1
github.com/kubestellar/hive/v2/pkg/hub/alerts.go:501.19,503.3 1 1
github.com/kubestellar/hive/v2/pkg/hub/alerts.go:504.2,505.23 2 1
github.com/kubestellar/hive/v2/pkg/hub/alerts.go:505.23,507.3 1 1
github.com/kubestellar/hive/v2/pkg/hub/alerts.go:509.2,515.52 3 1
github.com/kubestellar/hive/v2/pkg/hub/alerts.go:515.52,517.10 2 1
github.com/kubestellar/hive/v2/pkg/hub/alerts.go:517.10,519.4 1 0
github.com/kubestellar/hive/v2/pkg/hub/alerts.go:520.3,521.19 2 1
github.com/kubestellar/hive/v2/pkg/hub/alerts.go:521.19,523.4 1 1
github.com/kubestellar/hive/v2/pkg/hub/alerts.go:524.3,524.74 1 1
github.com/kubestellar/hive/v2/pkg/hub/alerts.go:524.74,527.4 2 1
github.com/kubestellar/hive/v2/pkg/hub/alerts.go:530.3,530.47 1 1
github.com/kubestellar/hive/v2/pkg/hub/alerts.go:530.47,532.4 1 1
github.com/kubestellar/hive/v2/pkg/hub/alerts.go:533.3,533.19 1 1
github.com/kubestellar/hive/v2/pkg/hub/alerts.go:533.19,537.4 1 1
github.com/kubestellar/hive/v2/pkg/hub/alerts.go:538.3,538.34 1 1
github.com/kubestellar/hive/v2/pkg/hub/alerts.go:538.34,540.4 1 1
github.com/kubestellar/hive/v2/pkg/hub/alerts.go:543.2,543.30 1 1
github.com/kubestellar/hive/v2/pkg/hub/alerts.go:544.13,546.28 1 1
github.com/kubestellar/hive/v2/pkg/hub/alerts.go:546.28,548.11 2 1
github.com/kubestellar/hive/v2/pkg/hub/alerts.go:548.11,549.13 1 1
github.com/kubestellar/hive/v2/pkg/hub/alerts.go:551.4,552.42 2 1
github.com/kubestellar/hive/v2/pkg/hub/alerts.go:552.42,553.13 1 1
github.com/kubestellar/hive/v2/pkg/hub/alerts.go:555.4,556.18 2 1
github.com/kubestellar/hive/v2/pkg/hub/alerts.go:556.18,558.5 1 1
github.com/kubestellar/hive/v2/pkg/hub/alerts.go:559.4,559.31 1 1
github.com/kubestellar/hive/v2/pkg/hub/alerts.go:561.22,563.31 1 1
github.com/kubestellar/hive/v2/pkg/hub/alerts.go:563.31,565.4 1 1
github.com/kubestellar/hive/v2/pkg/hub/alerts.go:566.10,567.13 1 1
github.com/kubestellar/hive/v2/pkg/hub/alerts.go:570.2,571.14 2 1
github.com/kubestellar/hive/v2/pkg/hub/alerts.go:592.56,594.26 2 1
github.com/kubestellar/hive/v2/pkg/hub/alerts.go:594.26,595.35 1 1
github.com/kubestellar/hive/v2/pkg/hub/alerts.go:595.35,596.12 1 1
github.com/kubestellar/hive/v2/pkg/hub/alerts.go:598.3,598.40 1 1
github.com/kubestellar/hive/v2/pkg/hub/alerts.go:600.2,600.20 1 1
github.com/kubestellar/hive/v2/pkg/hub/alerts.go:600.20,602.3 1 1
github.com/kubestellar/hive/v2/pkg/hub/alerts.go:603.2,603.39 1 1
github.com/kubestellar/hive/v2/pkg/hub/alerts.go:603.39,603.67 1 1
github.com/kubestellar/hive/v2/pkg/hub/alerts.go:604.2,605.22 2 1
github.com/kubestellar/hive/v2/pkg/hub/alerts.go:605.22,607.3 1 1
github.com/kubestellar/hive/v2/pkg/hub/alerts.go:609.2,609.49 1 1
github.com/kubestellar/hive/v2/pkg/hub/alerts.go:618.108,623.18 2 1
github.com/kubestellar/hive/v2/pkg/hub/alerts.go:623.18,625.3 1 1
github.com/kubestellar/hive/v2/pkg/hub/alerts.go:627.2,634.68 4 1
github.com/kubestellar/hive/v2/pkg/hub/alerts.go:634.68,645.69 4 1
github.com/kubestellar/hive/v2/pkg/hub/alerts.go:645.69,650.4 4 1
github.com/kubestellar/hive/v2/pkg/hub/alerts.go:651.3,651.29 1 1
github.com/kubestellar/hive/v2/pkg/hub/alerts.go:654.2,654.26 1 1
github.com/kubestellar/hive/v2/pkg/hub/alerts.go:654.26,655.17 1 1
github.com/kubestellar/hive/v2/pkg/hub/alerts.go:655.17,656.12 1 1
github.com/kubestellar/hive/v2/pkg/hub/alerts.go:661.3,661.43 1 1
github.com/kubestellar/hive/v2/pkg/hub/alerts.go:661.43,663.52 2 1
github.com/kubestellar/hive/v2/pkg/hub/alerts.go:663.52,665.5 1 1
github.com/kubestellar/hive/v2/pkg/hub/alerts.go:666.4,666.77 1 1
github.com/kubestellar/hive/v2/pkg/hub/alerts.go:673.3,674.81 2 1
github.com/kubestellar/hive/v2/pkg/hub/alerts.go:674.81,679.4 1 1
github.com/kubestellar/hive/v2/pkg/hub/alerts.go:684.3,684.16 1 1
github.com/kubestellar/hive/v2/pkg/hub/alerts.go:684.16,685.88 1 1
github.com/kubestellar/hive/v2/pkg/hub/alerts.go:685.88,688.5 1 1
github.com/kubestellar/hive/v2/pkg/hub/alerts.go:694.3,694.50 1 1
github.com/kubestellar/hive/v2/pkg/hub/alerts.go:694.50,695.69 1 1
github.com/kubestellar/hive/v2/pkg/hub/alerts.go:695.69,698.57 2 1
github.com/kubestellar/hive/v2/pkg/hub/alerts.go:698.57,700.6 1 0
github.com/kubestellar/hive/v2/pkg/hub/alerts.go:701.5,701.75 1 1
github.com/kubestellar/hive/v2/pkg/hub/alerts.go:706.3,706.65 1 1
github.com/kubestellar/hive/v2/pkg/hub/alerts.go:706.65,709.42 3 1
github.com/kubestellar/hive/v2/pkg/hub/alerts.go:709.42,712.5 2 1
github.com/kubestellar/hive/v2/pkg/hub/alerts.go:713.4,714.25 2 1
github.com/kubestellar/hive/v2/pkg/hub/alerts.go:714.25,716.5 1 1
github.com/kubestellar/hive/v2/pkg/hub/alerts.go:717.4,718.86 1 1
github.com/kubestellar/hive/v2/pkg/hub/alerts.go:723.3,723.23 1 1
github.com/kubestellar/hive/v2/pkg/hub/alerts.go:723.23,725.66 1 1
github.com/kubestellar/hive/v2/pkg/hub/alerts.go:725.66,729.5 1 1
github.com/kubestellar/hive/v2/pkg/hub/alerts.go:729.10,729.115 1 1
github.com/kubestellar/hive/v2/pkg/hub/alerts.go:729.115,732.5 1 1
github.com/kubestellar/hive/v2/pkg/hub/alerts.go:737.2,737.32 1 1
github.com/kubestellar/hive/v2/pkg/hub/alerts.go:737.32,738.37 1 1
github.com/kubestellar/hive/v2/pkg/hub/alerts.go:738.37,739.12 1 1
github.com/kubestellar/hive/v2/pkg/hub/alerts.go:741.3,741.58 1 1
github.com/kubestellar/hive/v2/pkg/hub/alerts.go:746.2,750.47 2 1
github.com/kubestellar/hive/v2/pkg/hub/alerts.go:750.47,752.15 2 1
github.com/kubestellar/hive/v2/pkg/hub/alerts.go:752.15,754.4 1 1
github.com/kubestellar/hive/v2/pkg/hub/alerts.go:755.3,755.39 1 1
github.com/kubestellar/hive/v2/pkg/hub/alerts.go:755.39,757.4 1 0
github.com/kubestellar/hive/v2/pkg/hub/alerts.go:758.3,758.45 1 1
github.com/kubestellar/hive/v2/pkg/hub/alerts.go:761.2,761.27 1 1
github.com/kubestellar/hive/v2/pkg/hub/alerts.go:761.27,762.21 1 1
github.com/kubestellar/hive/v2/pkg/hub/alerts.go:762.21,764.12 2 1
github.com/kubestellar/hive/v2/pkg/hub/alerts.go:766.3,768.18 3 1
github.com/kubestellar/hive/v2/pkg/hub/alerts.go:770.2,771.16 2 1
github.com/kubestellar/hive/v2/pkg/hub/alerts.go:775.33,776.39 1 1
github.com/kubestellar/hive/v2/pkg/hub/alerts.go:776.39,778.3 1 1
github.com/kubestellar/hive/v2/pkg/hub/alerts.go:779.2,779.33 1 1
github.com/kubestellar/hive/v2/pkg/hub/alerts.go:785.60,787.16 2 1
github.com/kubestellar/hive/v2/pkg/hub/alerts.go:787.16,789.3 1 0
github.com/kubestellar/hive/v2/pkg/hub/alerts.go:790.2,791.13 2 1
github.com/kubestellar/hive/v2/pkg/hub/alerts.go:791.13,793.3 1 0
github.com/kubestellar/hive/v2/pkg/hub/alerts.go:794.2,794.42 1 1
github.com/kubestellar/hive/v2/pkg/hub/alerts.go:800.78,802.16 2 1
github.com/kubestellar/hive/v2/pkg/hub/alerts.go:802.16,804.3 1 1
github.com/kubestellar/hive/v2/pkg/hub/alerts.go:805.2,806.13 2 1
github.com/kubestellar/hive/v2/pkg/hub/alerts.go:806.13,808.3 1 1
github.com/kubestellar/hive/v2/pkg/hub/alerts.go:809.2,809.18 1 1
github.com/kubestellar/hive/v2/pkg/hub/alerts.go:815.85,817.16 2 1
github.com/kubestellar/hive/v2/pkg/hub/alerts.go:817.16,819.3 1 1
github.com/kubestellar/hive/v2/pkg/hub/alerts.go:820.2,820.24 1 1
github.com/kubestellar/hive/v2/pkg/hub/alerts.go:825.46,827.2 1 1
github.com/kubestellar/hive/v2/pkg/hub/alerts.go:830.25,830.52 1 1
github.com/kubestellar/hive/v2/pkg/hub/alerts.go:831.29,832.12 1 1
github.com/kubestellar/hive/v2/pkg/hub/alerts.go:832.12,834.3 1 1
github.com/kubestellar/hive/v2/pkg/hub/alerts.go:835.2,839.10 4 1
github.com/kubestellar/hive/v2/pkg/hub/alerts.go:839.10,841.3 1 1
github.com/kubestellar/hive/v2/pkg/hub/alerts.go:842.2,842.13 1 1
github.com/kubestellar/hive/v2/pkg/hub/alerts.go:842.13,846.3 3 1
github.com/kubestellar/hive/v2/pkg/hub/alerts.go:847.2,847.9 1 1
github.com/kubestellar/hive/v2/pkg/hub/alerts.go:847.9,850.3 2 1
github.com/kubestellar/hive/v2/pkg/hub/alerts.go:851.2,851.24 1 1
github.com/kubestellar/hive/v2/pkg/hub/alerts.go:861.69,862.33 1 1
github.com/kubestellar/hive/v2/pkg/hub/alerts.go:862.33,864.3 1 1
github.com/kubestellar/hive/v2/pkg/hub/alerts.go:865.2,866.28 2 1
github.com/kubestellar/hive/v2/pkg/hub/alerts.go:866.28,868.3 1 1
github.com/kubestellar/hive/v2/pkg/hub/alerts.go:872.2,872.57 1 1
github.com/kubestellar/hive/v2/pkg/hub/alerts.go:879.37,880.33 1 1
github.com/kubestellar/hive/v2/pkg/hub/alerts.go:880.33,882.3 1 0
github.com/kubestellar/hive/v2/pkg/hub/alerts.go:883.2,885.16 3 1
github.com/kubestellar/hive/v2/pkg/hub/alerts.go:885.16,888.3 2 0
github.com/kubestellar/hive/v2/pkg/hub/alerts.go:889.2,889.72 1 1
github.com/kubestellar/hive/v2/pkg/hub/alerts.go:889.72,892.3 2 0
github.com/kubestellar/hive/v2/pkg/hub/alerts.go:893.2,894.59 2 1
github.com/kubestellar/hive/v2/pkg/hub/alerts.go:894.59,897.3 2 0
github.com/kubestellar/hive/v2/pkg/hub/alerts.go:898.2,898.58 1 1
github.com/kubestellar/hive/v2/pkg/hub/alerts.go:898.58,900.3 1 0
github.com/kubestellar/hive/v2/pkg/hub/alerts.go:905.37,906.33 1 1
github.com/kubestellar/hive/v2/pkg/hub/alerts.go:906.33,908.3 1 0
github.com/kubestellar/hive/v2/pkg/hub/alerts.go:909.2,910.16 2 1
github.com/kubestellar/hive/v2/pkg/hub/alerts.go:910.16,911.26 1 1
github.com/kubestellar/hive/v2/pkg/hub/alerts.go:911.26,913.4 1 0
github.com/kubestellar/hive/v2/pkg/hub/alerts.go:914.3,914.9 1 1
github.com/kubestellar/hive/v2/pkg/hub/alerts.go:916.2,917.54 2 1
github.com/kubestellar/hive/v2/pkg/hub/alerts.go:917.54,920.3 2 1
github.com/kubestellar/hive/v2/pkg/hub/alerts.go:921.2,921.43 1 1
github.com/kubestellar/hive/v2/pkg/hub/alerts.go:921.43,923.3 1 1
github.com/kubestellar/hive/v2/pkg/hub/alerts.go:937.76,939.102 2 1
github.com/kubestellar/hive/v2/pkg/hub/alerts.go:939.102,942.3 2 1
github.com/kubestellar/hive/v2/pkg/hub/alerts.go:943.2,945.40 3 1
github.com/kubestellar/hive/v2/pkg/hub/alerts.go:945.40,948.3 2 1
github.com/kubestellar/hive/v2/pkg/hub/alerts.go:949.2,949.33 1 1
github.com/kubestellar/hive/v2/pkg/hub/alerts.go:949.33,952.3 2 1
github.com/kubestellar/hive/v2/pkg/hub/alerts.go:954.2,954.15 1 1
github.com/kubestellar/hive/v2/pkg/hub/alerts.go:954.15,959.3 4 1
github.com/kubestellar/hive/v2/pkg/hub/alerts.go:963.2,963.74 1 1
github.com/kubestellar/hive/v2/pkg/hub/alerts.go:963.74,966.3 2 1
github.com/kubestellar/hive/v2/pkg/hub/alerts.go:967.2,968.26 2 1
github.com/kubestellar/hive/v2/pkg/hub/alerts.go:971.57,974.2 2 1
github.com/kubestellar/hive/v2/pkg/hub/alerts.go:987.38,987.67 1 1
github.com/kubestellar/hive/v2/pkg/hub/auth_audit.go:43.57,51.61 2 1
github.com/kubestellar/hive/v2/pkg/hub/auth_audit.go:51.61,53.4 1 0
github.com/kubestellar/hive/v2/pkg/hub/auth_audit.go:62.2,64.6 3 1
github.com/kubestellar/hive/v2/pkg/hub/auth_audit.go:64.6,65.10 1 1
github.com/kubestellar/hive/v2/pkg/hub/auth_audit.go:66.21,67.10 1 1
github.com/kubestellar/hive/v2/pkg/hub/auth_audit.go:68.18,70.34 2 0
github.com/kubestellar/hive/v2/pkg/hub/auth_audit.go:78.76,86.26 7 1
github.com/kubestellar/hive/v2/pkg/hub/auth_audit.go:86.26,89.56 2 1
github.com/kubestellar/hive/v2/pkg/hub/auth_audit.go:89.56,90.12 1 1
github.com/kubestellar/hive/v2/pkg/hub/auth_audit.go:92.3,94.17 3 1
github.com/kubestellar/hive/v2/pkg/hub/auth_audit.go:94.17,96.12 2 1
github.com/kubestellar/hive/v2/pkg/hub/auth_audit.go:98.3,98.15 1 1
github.com/kubestellar/hive/v2/pkg/hub/auth_audit.go:98.15,100.4 1 1
github.com/kubestellar/hive/v2/pkg/hub/auth_audit.go:103.2,103.20 1 1
github.com/kubestellar/hive/v2/pkg/hub/auth_audit.go:103.20,106.3 2 1
github.com/kubestellar/hive/v2/pkg/hub/auth_audit.go:109.2,112.27 3 1
github.com/kubestellar/hive/v2/pkg/hub/auth_audit.go:119.102,123.16 4 1
github.com/kubestellar/hive/v2/pkg/hub/auth_audit.go:123.16,125.3 1 1
github.com/kubestellar/hive/v2/pkg/hub/auth_audit.go:126.2,127.16 2 1
github.com/kubestellar/hive/v2/pkg/hub/auth_audit.go:127.16,129.3 1 1
github.com/kubestellar/hive/v2/pkg/hub/auth_audit.go:130.2,131.47 2 1
github.com/kubestellar/hive/v2/pkg/hub/auth_audit.go:138.56,141.33 3 1
github.com/kubestellar/hive/v2/pkg/hub/auth_audit.go:141.33,143.3 1 1
github.com/kubestellar/hive/v2/pkg/hub/auth_audit.go:144.2,145.16 2 1
github.com/kubestellar/hive/v2/pkg/hub/auth_audit.go:145.16,148.3 2 0
github.com/kubestellar/hive/v2/pkg/hub/auth_audit.go:149.2,154.16 6 1
github.com/kubestellar/hive/v2/pkg/hub/auth_audit.go:154.16,157.3 2 1
github.com/kubestellar/hive/v2/pkg/hub/auth_audit.go:158.2,158.23 1 1
github.com/kubestellar/hive/v2/pkg/hub/cluster_metrics.go:40.78,42.99 2 1
github.com/kubestellar/hive/v2/pkg/hub/cluster_metrics.go:42.99,46.3 3 1
github.com/kubestellar/hive/v2/pkg/hub/cluster_metrics.go:47.2,56.15 7 1
github.com/kubestellar/hive/v2/pkg/hub/cluster_metrics.go:59.86,62.16 2 1
github.com/kubestellar/hive/v2/pkg/hub/cluster_metrics.go:62.16,65.3 2 1
github.com/kubestellar/hive/v2/pkg/hub/cluster_metrics.go:68.2,69.16 2 1
github.com/kubestellar/hive/v2/pkg/hub/cluster_metrics.go:69.16,72.3 2 1
github.com/kubestellar/hive/v2/pkg/hub/cluster_metrics.go:75.2,94.59 2 1
github.com/kubestellar/hive/v2/pkg/hub/cluster_metrics.go:94.59,97.3 2 1
github.com/kubestellar/hive/v2/pkg/hub/cluster_metrics.go:99.2,115.39 5 1
github.com/kubestellar/hive/v2/pkg/hub/cluster_metrics.go:115.39,129.91 10 1
github.com/kubestellar/hive/v2/pkg/hub/cluster_metrics.go:129.91,132.4 2 1
github.com/kubestellar/hive/v2/pkg/hub/cluster_metrics.go:134.3,134.47 1 1
github.com/kubestellar/hive/v2/pkg/hub/cluster_metrics.go:134.47,135.53 1 1
github.com/kubestellar/hive/v2/pkg/hub/cluster_metrics.go:135.53,138.5 2 1
github.com/kubestellar/hive/v2/pkg/hub/cluster_metrics.go:138.10,138.60 1 1
github.com/kubestellar/hive/v2/pkg/hub/cluster_metrics.go:138.60,140.5 1 1
github.com/kubestellar/hive/v2/pkg/hub/cluster_metrics.go:141.4,141.60 1 1
github.com/kubestellar/hive/v2/pkg/hub/cluster_metrics.go:141.60,143.5 1 1
github.com/kubestellar/hive/v2/pkg/hub/cluster_metrics.go:145.3,145.30 1 1
github.com/kubestellar/hive/v2/pkg/hub/cluster_metrics.go:145.30,147.4 1 0
github.com/kubestellar/hive/v2/pkg/hub/cluster_metrics.go:148.3,148.35 1 1
github.com/kubestellar/hive/v2/pkg/hub/cluster_metrics.go:152.2,160.61 2 1
github.com/kubestellar/hive/v2/pkg/hub/cluster_metrics.go:160.61,163.3 2 0
github.com/kubestellar/hive/v2/pkg/hub/cluster_metrics.go:165.2,166.41 2 1
github.com/kubestellar/hive/v2/pkg/hub/cluster_metrics.go:166.41,172.10 5 1
github.com/kubestellar/hive/v2/pkg/hub/cluster_metrics.go:172.10,173.12 1 0
github.com/kubestellar/hive/v2/pkg/hub/cluster_metrics.go:176.3,178.28 3 1
github.com/kubestellar/hive/v2/pkg/hub/cluster_metrics.go:178.28,180.4 1 1
github.com/kubestellar/hive/v2/pkg/hub/cluster_metrics.go:182.3,185.28 4 1
github.com/kubestellar/hive/v2/pkg/hub/cluster_metrics.go:185.28,187.4 1 1
github.com/kubestellar/hive/v2/pkg/hub/cluster_metrics.go:189.3,202.25 2 1
github.com/kubestellar/hive/v2/pkg/hub/cluster_metrics.go:202.25,205.4 2 1
github.com/kubestellar/hive/v2/pkg/hub/cluster_metrics.go:206.3,206.30 1 1
github.com/kubestellar/hive/v2/pkg/hub/cluster_metrics.go:214.2,216.35 3 1
github.com/kubestellar/hive/v2/pkg/hub/cluster_metrics.go:216.35,232.47 2 1
github.com/kubestellar/hive/v2/pkg/hub/cluster_metrics.go:232.47,239.37 5 1
github.com/kubestellar/hive/v2/pkg/hub/cluster_metrics.go:239.37,241.41 2 1
github.com/kubestellar/hive/v2/pkg/hub/cluster_metrics.go:241.41,244.6 2 1
github.com/kubestellar/hive/v2/pkg/hub/cluster_metrics.go:245.5,245.75 1 1
github.com/kubestellar/hive/v2/pkg/hub/cluster_metrics.go:245.75,246.55 1 1
github.com/kubestellar/hive/v2/pkg/hub/cluster_metrics.go:246.55,248.7 1 1
github.com/kubestellar/hive/v2/pkg/hub/cluster_metrics.go:249.6,249.73 1 1
github.com/kubestellar/hive/v2/pkg/hub/cluster_metrics.go:252.4,252.25 1 1
github.com/kubestellar/hive/v2/pkg/hub/cluster_metrics.go:252.25,255.5 2 1
github.com/kubestellar/hive/v2/pkg/hub/cluster_metrics.go:265.2,266.32 2 1
github.com/kubestellar/hive/v2/pkg/hub/cluster_metrics.go:266.32,268.33 2 1
github.com/kubestellar/hive/v2/pkg/hub/cluster_metrics.go:268.33,271.4 1 1
github.com/kubestellar/hive/v2/pkg/hub/cluster_metrics.go:272.3,273.33 2 1
github.com/kubestellar/hive/v2/pkg/hub/cluster_metrics.go:277.2,277.38 1 1
github.com/kubestellar/hive/v2/pkg/hub/cluster_metrics.go:277.38,279.3 1 0
github.com/kubestellar/hive/v2/pkg/hub/cluster_metrics.go:282.2,290.26 8 1
github.com/kubestellar/hive/v2/pkg/hub/cluster_metrics.go:290.26,294.14 4 1
github.com/kubestellar/hive/v2/pkg/hub/cluster_metrics.go:294.14,296.4 1 1
github.com/kubestellar/hive/v2/pkg/hub/cluster_metrics.go:297.3,297.36 1 1
github.com/kubestellar/hive/v2/pkg/hub/cluster_metrics.go:297.36,300.4 2 1
github.com/kubestellar/hive/v2/pkg/hub/cluster_metrics.go:301.3,301.43 1 1
github.com/kubestellar/hive/v2/pkg/hub/cluster_metrics.go:304.2,305.23 2 1
github.com/kubestellar/hive/v2/pkg/hub/cluster_metrics.go:305.23,307.3 1 1
github.com/kubestellar/hive/v2/pkg/hub/cluster_metrics.go:308.2,309.23 2 1
github.com/kubestellar/hive/v2/pkg/hub/cluster_metrics.go:309.23,311.3 1 1
github.com/kubestellar/hive/v2/pkg/hub/cluster_metrics.go:312.2,330.26 3 1
github.com/kubestellar/hive/v2/pkg/hub/cluster_metrics.go:330.26,332.27 2 1
github.com/kubestellar/hive/v2/pkg/hub/cluster_metrics.go:332.27,334.4 1 1
github.com/kubestellar/hive/v2/pkg/hub/cluster_metrics.go:335.3,339.4 1 1
github.com/kubestellar/hive/v2/pkg/hub/cluster_metrics.go:342.2,342.15 1 1
github.com/kubestellar/hive/v2/pkg/hub/cluster_metrics.go:354.45,356.16 2 1
github.com/kubestellar/hive/v2/pkg/hub/cluster_metrics.go:356.16,358.3 1 1
github.com/kubestellar/hive/v2/pkg/hub/cluster_metrics.go:360.2,361.59 2 1
github.com/kubestellar/hive/v2/pkg/hub/cluster_metrics.go:361.59,365.3 3 1
github.com/kubestellar/hive/v2/pkg/hub/cluster_metrics.go:365.8,367.3 1 1
github.com/kubestellar/hive/v2/pkg/hub/cluster_metrics.go:369.2,378.16 5 1
github.com/kubestellar/hive/v2/pkg/hub/cluster_metrics.go:378.16,380.3 1 0
github.com/kubestellar/hive/v2/pkg/hub/cluster_metrics.go:381.2,384.16 3 1
github.com/kubestellar/hive/v2/pkg/hub/cluster_metrics.go:384.16,386.3 1 0
github.com/kubestellar/hive/v2/pkg/hub/cluster_metrics.go:387.2,390.16 3 1
github.com/kubestellar/hive/v2/pkg/hub/cluster_metrics.go:390.16,392.3 1 0
github.com/kubestellar/hive/v2/pkg/hub/cluster_metrics.go:393.2,393.28 1 1
github.com/kubestellar/hive/v2/pkg/hub/cluster_metrics.go:393.28,395.3 1 1
github.com/kubestellar/hive/v2/pkg/hub/cluster_metrics.go:396.2,396.18 1 1
github.com/kubestellar/hive/v2/pkg/hub/cluster_metrics.go:399.27,400.11 1 1
github.com/kubestellar/hive/v2/pkg/hub/cluster_metrics.go:400.11,402.3 1 1
github.com/kubestellar/hive/v2/pkg/hub/cluster_metrics.go:403.2,403.10 1 1
github.com/kubestellar/hive/v2/pkg/hub/heartbeat.go:63.54,64.16 1 0
github.com/kubestellar/hive/v2/pkg/hub/heartbeat.go:64.16,67.3 2 0
github.com/kubestellar/hive/v2/pkg/hub/heartbeat.go:68.2,68.21 1 0
github.com/kubestellar/hive/v2/pkg/hub/heartbeat.go:71.31,73.2 1 1
github.com/kubestellar/hive/v2/pkg/hub/heartbeat.go:78.31,80.2 1 1
github.com/kubestellar/hive/v2/pkg/hub/heartbeat.go:87.52,89.14 2 0
github.com/kubestellar/hive/v2/pkg/hub/heartbeat.go:89.14,91.3 1 0
github.com/kubestellar/hive/v2/pkg/hub/heartbeat.go:92.2,92.32 1 0
github.com/kubestellar/hive/v2/pkg/hub/heartbeat.go:100.52,102.14 2 1
github.com/kubestellar/hive/v2/pkg/hub/heartbeat.go:102.14,104.3 1 1
github.com/kubestellar/hive/v2/pkg/hub/heartbeat.go:105.2,105.32 1 1
github.com/kubestellar/hive/v2/pkg/hub/heartbeat.go:112.30,114.2 1 1
github.com/kubestellar/hive/v2/pkg/hub/heartbeat.go:256.145,257.18 1 1
github.com/kubestellar/hive/v2/pkg/hub/heartbeat.go:257.18,260.3 2 1
github.com/kubestellar/hive/v2/pkg/hub/heartbeat.go:264.2,273.31 10 1
github.com/kubestellar/hive/v2/pkg/hub/heartbeat.go:273.31,274.26 1 1
github.com/kubestellar/hive/v2/pkg/hub/heartbeat.go:275.24,276.18 1 1
github.com/kubestellar/hive/v2/pkg/hub/heartbeat.go:277.32,278.26 1 0
github.com/kubestellar/hive/v2/pkg/hub/heartbeat.go:279.26,280.20 1 0
github.com/kubestellar/hive/v2/pkg/hub/heartbeat.go:281.27,282.21 1 1
github.com/kubestellar/hive/v2/pkg/hub/heartbeat.go:283.29,284.23 1 0
github.com/kubestellar/hive/v2/pkg/hub/heartbeat.go:285.32,286.26 1 0
github.com/kubestellar/hive/v2/pkg/hub/heartbeat.go:287.30,288.24 1 0
github.com/kubestellar/hive/v2/pkg/hub/heartbeat.go:289.30,290.24 1 0
github.com/kubestellar/hive/v2/pkg/hub/heartbeat.go:294.2,298.60 3 1
github.com/kubestellar/hive/v2/pkg/hub/heartbeat.go:298.60,299.18 1 1
github.com/kubestellar/hive/v2/pkg/hub/heartbeat.go:299.18,301.4 1 1
github.com/kubestellar/hive/v2/pkg/hub/heartbeat.go:302.3,302.54 1 0
github.com/kubestellar/hive/v2/pkg/hub/heartbeat.go:302.54,306.4 1 0
github.com/kubestellar/hive/v2/pkg/hub/heartbeat.go:306.9,306.54 1 0
github.com/kubestellar/hive/v2/pkg/hub/heartbeat.go:306.54,308.4 1 0
github.com/kubestellar/hive/v2/pkg/hub/heartbeat.go:309.3,309.62 1 0
github.com/kubestellar/hive/v2/pkg/hub/heartbeat.go:309.62,311.4 1 0
github.com/kubestellar/hive/v2/pkg/hub/heartbeat.go:312.3,312.25 1 0
github.com/kubestellar/hive/v2/pkg/hub/heartbeat.go:312.25,314.4 1 0
github.com/kubestellar/hive/v2/pkg/hub/heartbeat.go:315.3,315.50 1 0
github.com/kubestellar/hive/v2/pkg/hub/heartbeat.go:315.50,317.4 1 0
github.com/kubestellar/hive/v2/pkg/hub/heartbeat.go:320.3,320.62 1 0
github.com/kubestellar/hive/v2/pkg/hub/heartbeat.go:320.62,322.4 1 0
github.com/kubestellar/hive/v2/pkg/hub/heartbeat.go:325.3,325.58 1 0
github.com/kubestellar/hive/v2/pkg/hub/heartbeat.go:325.58,327.4 1 0
github.com/kubestellar/hive/v2/pkg/hub/heartbeat.go:331.3,331.59 1 0
github.com/kubestellar/hive/v2/pkg/hub/heartbeat.go:331.59,333.4 1 0
github.com/kubestellar/hive/v2/pkg/hub/heartbeat.go:336.2,341.6 4 1
github.com/kubestellar/hive/v2/pkg/hub/heartbeat.go:341.6,342.10 1 1
github.com/kubestellar/hive/v2/pkg/hub/heartbeat.go:343.21,345.10 2 1
github.com/kubestellar/hive/v2/pkg/hub/heartbeat.go:346.19,347.73 1 0
github.com/kubestellar/hive/v2/pkg/hub/heartbeat.go:352.61,358.6 6 1
github.com/kubestellar/hive/v2/pkg/hub/heartbeat.go:358.6,359.10 1 1
github.com/kubestellar/hive/v2/pkg/hub/heartbeat.go:360.21,361.10 1 1
github.com/kubestellar/hive/v2/pkg/hub/heartbeat.go:362.19,364.10 2 0
github.com/kubestellar/hive/v2/pkg/hub/heartbeat.go:365.11,368.18 3 1
github.com/kubestellar/hive/v2/pkg/hub/heartbeat.go:368.18,370.19 2 1
github.com/kubestellar/hive/v2/pkg/hub/heartbeat.go:370.19,372.32 2 0
github.com/kubestellar/hive/v2/pkg/hub/heartbeat.go:372.32,376.7 3 0
github.com/kubestellar/hive/v2/pkg/hub/heartbeat.go:379.4,380.28 2 1
github.com/kubestellar/hive/v2/pkg/hub/heartbeat.go:387.121,395.20 3 1
github.com/kubestellar/hive/v2/pkg/hub/heartbeat.go:395.20,397.3 1 1
github.com/kubestellar/hive/v2/pkg/hub/heartbeat.go:398.2,401.41 3 1
github.com/kubestellar/hive/v2/pkg/hub/heartbeat.go:401.41,402.81 1 1
github.com/kubestellar/hive/v2/pkg/hub/heartbeat.go:402.81,404.4 1 1
github.com/kubestellar/hive/v2/pkg/hub/heartbeat.go:406.2,409.35 3 1
github.com/kubestellar/hive/v2/pkg/hub/heartbeat.go:409.35,410.59 1 1
github.com/kubestellar/hive/v2/pkg/hub/heartbeat.go:410.59,412.4 1 1
github.com/kubestellar/hive/v2/pkg/hub/heartbeat.go:414.2,417.16 3 1
github.com/kubestellar/hive/v2/pkg/hub/heartbeat.go:417.16,420.3 2 0
github.com/kubestellar/hive/v2/pkg/hub/heartbeat.go:422.2,426.16 4 1
github.com/kubestellar/hive/v2/pkg/hub/heartbeat.go:426.16,429.3 2 1
github.com/kubestellar/hive/v2/pkg/hub/heartbeat.go:430.2,431.58 2 1
github.com/kubestellar/hive/v2/pkg/hub/heartbeat.go:431.58,433.3 1 1
github.com/kubestellar/hive/v2/pkg/hub/heartbeat.go:435.2,436.16 2 1
github.com/kubestellar/hive/v2/pkg/hub/heartbeat.go:436.16,439.3 2 1
github.com/kubestellar/hive/v2/pkg/hub/heartbeat.go:440.2,442.28 2 1
github.com/kubestellar/hive/v2/pkg/hub/heartbeat.go:442.28,446.3 3 1
github.com/kubestellar/hive/v2/pkg/hub/heartbeat.go:451.2,454.67 3 1
github.com/kubestellar/hive/v2/pkg/hub/heartbeat.go:454.67,455.30 1 1
github.com/kubestellar/hive/v2/pkg/hub/heartbeat.go:455.30,457.4 1 1
github.com/kubestellar/hive/v2/pkg/hub/heartbeat.go:458.3,458.29 1 1
github.com/kubestellar/hive/v2/pkg/hub/heartbeat.go:458.29,460.4 1 1
github.com/kubestellar/hive/v2/pkg/hub/heartbeat.go:461.3,461.36 1 1
github.com/kubestellar/hive/v2/pkg/hub/heartbeat.go:461.36,466.4 1 0
github.com/kubestellar/hive/v2/pkg/hub/heartbeat.go:467.3,467.17 1 1
github.com/kubestellar/hive/v2/pkg/hub/heartbeat.go:469.2,469.12 1 1
github.com/kubestellar/hive/v2/pkg/hub/heartbeat.go:475.108,477.20 2 1
github.com/kubestellar/hive/v2/pkg/hub/heartbeat.go:477.20,479.3 1 1
github.com/kubestellar/hive/v2/pkg/hub/heartbeat.go:480.2,485.16 5 1
github.com/kubestellar/hive/v2/pkg/hub/heartbeat.go:485.16,487.3 1 0
github.com/kubestellar/hive/v2/pkg/hub/heartbeat.go:489.2,493.16 4 1
github.com/kubestellar/hive/v2/pkg/hub/heartbeat.go:493.16,495.3 1 0
github.com/kubestellar/hive/v2/pkg/hub/heartbeat.go:496.2,497.58 2 1
github.com/kubestellar/hive/v2/pkg/hub/heartbeat.go:497.58,499.3 1 0
github.com/kubestellar/hive/v2/pkg/hub/heartbeat.go:501.2,502.16 2 1
github.com/kubestellar/hive/v2/pkg/hub/heartbeat.go:502.16,505.3 2 1
github.com/kubestellar/hive/v2/pkg/hub/heartbeat.go:506.2,507.27 2 1
github.com/kubestellar/hive/v2/pkg/hub/heartbeat.go:507.27,512.3 1 1
github.com/kubestellar/hive/v2/pkg/hub/heartbeat.go:513.2,513.69 1 1
github.com/kubestellar/hive/v2/pkg/hub/heartbeat.go:678.112,679.18 1 1
github.com/kubestellar/hive/v2/pkg/hub/heartbeat.go:679.18,681.3 1 1
github.com/kubestellar/hive/v2/pkg/hub/heartbeat.go:683.2,687.6 4 1
github.com/kubestellar/hive/v2/pkg/hub/heartbeat.go:687.6,688.10 1 1
github.com/kubestellar/hive/v2/pkg/hub/heartbeat.go:689.21,690.10 1 1
github.com/kubestellar/hive/v2/pkg/hub/heartbeat.go:691.19,693.22 2 1
github.com/kubestellar/hive/v2/pkg/hub/heartbeat.go:693.22,694.13 1 0
github.com/kubestellar/hive/v2/pkg/hub/heartbeat.go:696.4,697.18 2 1
github.com/kubestellar/hive/v2/pkg/hub/heartbeat.go:697.18,698.13 1 0
github.com/kubestellar/hive/v2/pkg/hub/heartbeat.go:700.4,702.18 3 1
github.com/kubestellar/hive/v2/pkg/hub/heartbeat.go:702.18,704.13 2 0
github.com/kubestellar/hive/v2/pkg/hub/heartbeat.go:706.4,707.60 2 1
github.com/kubestellar/hive/v2/pkg/hub/heartbeat.go:707.60,709.5 1 0
github.com/kubestellar/hive/v2/pkg/hub/heartbeat.go:710.4,712.18 3 1
github.com/kubestellar/hive/v2/pkg/hub/heartbeat.go:712.18,714.5 1 0
github.com/kubestellar/hive/v2/pkg/hub/heartbeat_testhooks.go:18.81,22.2 3 0
github.com/kubestellar/hive/v2/pkg/hub/heartbeat_testhooks.go:27.35,29.2 1 0
github.com/kubestellar/hive/v2/pkg/hub/hive_capacity.go:23.144,24.29 1 1
github.com/kubestellar/hive/v2/pkg/hub/hive_capacity.go:24.29,26.3 1 1
github.com/kubestellar/hive/v2/pkg/hub/hive_capacity.go:28.2,28.59 1 1
github.com/kubestellar/hive/v2/pkg/hub/hive_capacity.go:28.59,30.3 1 0
github.com/kubestellar/hive/v2/pkg/hub/hive_capacity.go:31.2,33.34 3 1
github.com/kubestellar/hive/v2/pkg/hub/hive_capacity.go:33.34,35.3 1 1
github.com/kubestellar/hive/v2/pkg/hub/hive_capacity.go:36.2,38.25 3 1
github.com/kubestellar/hive/v2/pkg/hub/hive_capacity.go:38.25,40.3 1 1
github.com/kubestellar/hive/v2/pkg/hub/hive_capacity.go:41.2,41.17 1 1
github.com/kubestellar/hive/v2/pkg/hub/oauth.go:31.37,33.20 2 1
github.com/kubestellar/hive/v2/pkg/hub/oauth.go:33.20,36.3 2 1
github.com/kubestellar/hive/v2/pkg/hub/oauth.go:37.2,41.59 5 1
github.com/kubestellar/hive/v2/pkg/hub/oauth.go:72.49,74.14 2 1
github.com/kubestellar/hive/v2/pkg/hub/oauth.go:74.14,76.3 1 1
github.com/kubestellar/hive/v2/pkg/hub/oauth.go:77.2,77.44 1 1
github.com/kubestellar/hive/v2/pkg/hub/oauth.go:77.44,78.32 1 1
github.com/kubestellar/hive/v2/pkg/hub/oauth.go:78.32,80.4 1 1
github.com/kubestellar/hive/v2/pkg/hub/oauth.go:82.2,82.14 1 1
github.com/kubestellar/hive/v2/pkg/hub/oauth.go:100.46,128.2 5 1
github.com/kubestellar/hive/v2/pkg/hub/oauth.go:146.74,148.16 2 1
github.com/kubestellar/hive/v2/pkg/hub/oauth.go:148.16,151.3 2 0
github.com/kubestellar/hive/v2/pkg/hub/oauth.go:152.2,154.15 3 1
github.com/kubestellar/hive/v2/pkg/hub/oauth.go:157.73,160.29 1 1
github.com/kubestellar/hive/v2/pkg/hub/oauth.go:160.29,163.3 2 0
github.com/kubestellar/hive/v2/pkg/hub/oauth.go:164.2,166.20 3 1
github.com/kubestellar/hive/v2/pkg/hub/oauth.go:166.20,168.3 1 1
github.com/kubestellar/hive/v2/pkg/hub/oauth.go:169.2,169.96 1 1
github.com/kubestellar/hive/v2/pkg/hub/oauth.go:169.96,170.33 1 1
github.com/kubestellar/hive/v2/pkg/hub/oauth.go:170.33,172.4 1 1
github.com/kubestellar/hive/v2/pkg/hub/oauth.go:174.2,177.60 3 1
github.com/kubestellar/hive/v2/pkg/hub/oauth.go:180.81,182.16 2 1
github.com/kubestellar/hive/v2/pkg/hub/oauth.go:182.16,185.3 2 1
github.com/kubestellar/hive/v2/pkg/hub/oauth.go:187.2,200.16 12 1
github.com/kubestellar/hive/v2/pkg/hub/oauth.go:200.16,204.3 3 0
github.com/kubestellar/hive/v2/pkg/hub/oauth.go:205.2,214.57 5 1
github.com/kubestellar/hive/v2/pkg/hub/oauth.go:214.57,218.3 3 1
github.com/kubestellar/hive/v2/pkg/hub/oauth.go:220.2,220.33 1 1
github.com/kubestellar/hive/v2/pkg/hub/oauth.go:220.33,224.3 3 1
github.com/kubestellar/hive/v2/pkg/hub/oauth.go:226.2,229.16 4 1
github.com/kubestellar/hive/v2/pkg/hub/oauth.go:229.16,232.3 2 0
github.com/kubestellar/hive/v2/pkg/hub/oauth.go:233.2,240.56 4 1
github.com/kubestellar/hive/v2/pkg/hub/oauth.go:240.56,244.3 3 0
github.com/kubestellar/hive/v2/pkg/hub/oauth.go:246.2,246.50 1 1
github.com/kubestellar/hive/v2/pkg/hub/oauth.go:246.50,250.3 3 1
github.com/kubestellar/hive/v2/pkg/hub/oauth.go:252.2,268.71 5 1
github.com/kubestellar/hive/v2/pkg/hub/oauth.go:268.71,271.3 2 1
github.com/kubestellar/hive/v2/pkg/hub/oauth.go:273.2,274.54 2 1
github.com/kubestellar/hive/v2/pkg/hub/oauth.go:274.54,275.76 1 1
github.com/kubestellar/hive/v2/pkg/hub/oauth.go:275.76,276.106 1 1
github.com/kubestellar/hive/v2/pkg/hub/oauth.go:276.106,278.5 1 1
github.com/kubestellar/hive/v2/pkg/hub/oauth.go:281.2,281.61 1 1
github.com/kubestellar/hive/v2/pkg/hub/oauth.go:284.76,286.38 2 1
github.com/kubestellar/hive/v2/pkg/hub/oauth.go:286.38,290.3 3 1
github.com/kubestellar/hive/v2/pkg/hub/oauth.go:291.2,291.39 1 1
github.com/kubestellar/hive/v2/pkg/hub/oauth.go:291.39,295.3 3 1
github.com/kubestellar/hive/v2/pkg/hub/oauth.go:296.2,303.16 3 1
github.com/kubestellar/hive/v2/pkg/hub/oauth.go:303.16,306.3 2 0
github.com/kubestellar/hive/v2/pkg/hub/oauth.go:307.2,308.15 2 1
github.com/kubestellar/hive/v2/pkg/hub/oauth.go:311.74,324.2 3 1
github.com/kubestellar/hive/v2/pkg/hub/oci_fss.go:100.51,101.34 1 1
github.com/kubestellar/hive/v2/pkg/hub/oci_fss.go:101.34,103.3 1 1
github.com/kubestellar/hive/v2/pkg/hub/oci_fss.go:104.2,104.17 1 1
github.com/kubestellar/hive/v2/pkg/hub/oci_fss.go:109.42,110.23 1 1
github.com/kubestellar/hive/v2/pkg/hub/oci_fss.go:110.23,116.71 5 1
github.com/kubestellar/hive/v2/pkg/hub/oci_fss.go:116.71,120.4 2 1
github.com/kubestellar/hive/v2/pkg/hub/oci_fss.go:122.3,123.19 2 1
github.com/kubestellar/hive/v2/pkg/hub/oci_fss.go:123.19,126.4 2 1
github.com/kubestellar/hive/v2/pkg/hub/oci_fss.go:128.3,129.17 2 1
github.com/kubestellar/hive/v2/pkg/hub/oci_fss.go:129.17,132.18 2 0
github.com/kubestellar/hive/v2/pkg/hub/oci_fss.go:132.18,135.5 2 0
github.com/kubestellar/hive/v2/pkg/hub/oci_fss.go:138.3,139.10 2 1
github.com/kubestellar/hive/v2/pkg/hub/oci_fss.go:139.10,142.4 2 0
github.com/kubestellar/hive/v2/pkg/hub/oci_fss.go:144.3,154.4 1 1
github.com/kubestellar/hive/v2/pkg/hub/oci_fss.go:156.2,156.26 1 1
github.com/kubestellar/hive/v2/pkg/hub/oci_fss.go:161.38,163.2 1 1
github.com/kubestellar/hive/v2/pkg/hub/oci_fss.go:167.75,173.67 4 1
github.com/kubestellar/hive/v2/pkg/hub/oci_fss.go:173.67,179.3 5 1
github.com/kubestellar/hive/v2/pkg/hub/oci_fss.go:182.2,183.54 2 1
github.com/kubestellar/hive/v2/pkg/hub/oci_fss.go:183.54,184.12 1 1
github.com/kubestellar/hive/v2/pkg/hub/oci_fss.go:185.27,186.75 1 1
github.com/kubestellar/hive/v2/pkg/hub/oci_fss.go:187.15,188.58 1 1
github.com/kubestellar/hive/v2/pkg/hub/oci_fss.go:189.11,190.65 1 1
github.com/kubestellar/hive/v2/pkg/hub/oci_fss.go:193.2,197.16 4 1
github.com/kubestellar/hive/v2/pkg/hub/oci_fss.go:197.16,199.3 1 0
github.com/kubestellar/hive/v2/pkg/hub/oci_fss.go:201.2,210.12 3 1
github.com/kubestellar/hive/v2/pkg/hub/oci_fss.go:215.83,217.16 2 1
github.com/kubestellar/hive/v2/pkg/hub/oci_fss.go:217.16,219.3 1 1
github.com/kubestellar/hive/v2/pkg/hub/oci_fss.go:221.2,229.16 4 1
github.com/kubestellar/hive/v2/pkg/hub/oci_fss.go:229.16,231.3 1 0
github.com/kubestellar/hive/v2/pkg/hub/oci_fss.go:233.2,235.16 3 1
github.com/kubestellar/hive/v2/pkg/hub/oci_fss.go:235.16,237.3 1 0
github.com/kubestellar/hive/v2/pkg/hub/oci_fss.go:238.2,240.55 2 1
github.com/kubestellar/hive/v2/pkg/hub/oci_fss.go:240.55,242.3 1 0
github.com/kubestellar/hive/v2/pkg/hub/oci_fss.go:244.2,246.16 3 1
github.com/kubestellar/hive/v2/pkg/hub/oci_fss.go:246.16,248.3 1 1
github.com/kubestellar/hive/v2/pkg/hub/oci_fss.go:249.2,253.53 3 1
github.com/kubestellar/hive/v2/pkg/hub/oci_fss.go:253.53,255.3 1 1
github.com/kubestellar/hive/v2/pkg/hub/oci_fss.go:257.2,260.58 2 1
github.com/kubestellar/hive/v2/pkg/hub/oci_fss.go:260.58,262.3 1 1
github.com/kubestellar/hive/v2/pkg/hub/oci_fss.go:263.2,263.21 1 1
github.com/kubestellar/hive/v2/pkg/hub/oci_fss.go:263.21,265.3 1 1
github.com/kubestellar/hive/v2/pkg/hub/oci_fss.go:267.2,268.23 2 1
github.com/kubestellar/hive/v2/pkg/hub/oci_fss.go:274.92,276.16 2 1
github.com/kubestellar/hive/v2/pkg/hub/oci_fss.go:276.16,278.3 1 0
github.com/kubestellar/hive/v2/pkg/hub/oci_fss.go:280.2,288.16 4 1
github.com/kubestellar/hive/v2/pkg/hub/oci_fss.go:288.16,290.3 1 0
github.com/kubestellar/hive/v2/pkg/hub/oci_fss.go:292.2,294.16 3 1
github.com/kubestellar/hive/v2/pkg/hub/oci_fss.go:294.16,296.3 1 0
github.com/kubestellar/hive/v2/pkg/hub/oci_fss.go:297.2,299.55 2 1
github.com/kubestellar/hive/v2/pkg/hub/oci_fss.go:299.55,301.3 1 0
github.com/kubestellar/hive/v2/pkg/hub/oci_fss.go:303.2,305.16 3 1
github.com/kubestellar/hive/v2/pkg/hub/oci_fss.go:305.16,307.3 1 1
github.com/kubestellar/hive/v2/pkg/hub/oci_fss.go:308.2,312.53 3 1
github.com/kubestellar/hive/v2/pkg/hub/oci_fss.go:312.53,314.3 1 0
github.com/kubestellar/hive/v2/pkg/hub/oci_fss.go:316.2,319.58 2 1
github.com/kubestellar/hive/v2/pkg/hub/oci_fss.go:319.58,321.3 1 1
github.com/kubestellar/hive/v2/pkg/hub/oci_fss.go:322.2,322.21 1 1
github.com/kubestellar/hive/v2/pkg/hub/oci_fss.go:322.21,324.3 1 1
github.com/kubestellar/hive/v2/pkg/hub/oci_fss.go:326.2,327.23 2 1
github.com/kubestellar/hive/v2/pkg/hub/oci_fss.go:332.66,334.16 2 1
github.com/kubestellar/hive/v2/pkg/hub/oci_fss.go:334.16,336.3 1 0
github.com/kubestellar/hive/v2/pkg/hub/oci_fss.go:338.2,342.16 4 1
github.com/kubestellar/hive/v2/pkg/hub/oci_fss.go:342.16,344.3 1 0
github.com/kubestellar/hive/v2/pkg/hub/oci_fss.go:345.2,347.54 2 1
github.com/kubestellar/hive/v2/pkg/hub/oci_fss.go:347.54,349.3 1 0
github.com/kubestellar/hive/v2/pkg/hub/oci_fss.go:351.2,353.16 3 1
github.com/kubestellar/hive/v2/pkg/hub/oci_fss.go:353.16,355.3 1 1
github.com/kubestellar/hive/v2/pkg/hub/oci_fss.go:356.2,359.28 2 1
github.com/kubestellar/hive/v2/pkg/hub/oci_fss.go:359.28,362.3 2 1
github.com/kubestellar/hive/v2/pkg/hub/oci_fss.go:364.2,365.12 2 1
github.com/kubestellar/hive/v2/pkg/hub/oci_fss.go:370.74,372.16 2 1
github.com/kubestellar/hive/v2/pkg/hub/oci_fss.go:372.16,374.3 1 0
github.com/kubestellar/hive/v2/pkg/hub/oci_fss.go:376.2,380.16 4 1
github.com/kubestellar/hive/v2/pkg/hub/oci_fss.go:380.16,382.3 1 0
github.com/kubestellar/hive/v2/pkg/hub/oci_fss.go:383.2,385.54 2 1
github.com/kubestellar/hive/v2/pkg/hub/oci_fss.go:385.54,387.3 1 0
github.com/kubestellar/hive/v2/pkg/hub/oci_fss.go:389.2,391.16 3 1
github.com/kubestellar/hive/v2/pkg/hub/oci_fss.go:391.16,393.3 1 1
github.com/kubestellar/hive/v2/pkg/hub/oci_fss.go:394.2,397.28 2 1
github.com/kubestellar/hive/v2/pkg/hub/oci_fss.go:397.28,400.3 2 1
github.com/kubestellar/hive/v2/pkg/hub/oci_fss.go:402.2,403.12 2 1
github.com/kubestellar/hive/v2/pkg/hub/openrouter.go:48.48,54.2 5 1
github.com/kubestellar/hive/v2/pkg/hub/openrouter.go:57.62,58.34 1 1
github.com/kubestellar/hive/v2/pkg/hub/openrouter.go:58.34,60.3 1 1
github.com/kubestellar/hive/v2/pkg/hub/openrouter.go:61.2,61.31 1 1
github.com/kubestellar/hive/v2/pkg/hub/openrouter.go:67.70,68.34 1 1
github.com/kubestellar/hive/v2/pkg/hub/openrouter.go:68.34,70.3 1 1
github.com/kubestellar/hive/v2/pkg/hub/openrouter.go:71.2,72.54 2 1
github.com/kubestellar/hive/v2/pkg/hub/openrouter.go:72.54,74.3 1 1
github.com/kubestellar/hive/v2/pkg/hub/openrouter.go:75.2,75.43 1 1
github.com/kubestellar/hive/v2/pkg/hub/openrouter.go:75.43,76.83 1 1
github.com/kubestellar/hive/v2/pkg/hub/openrouter.go:76.83,78.4 1 1
github.com/kubestellar/hive/v2/pkg/hub/openrouter.go:80.2,80.14 1 1
github.com/kubestellar/hive/v2/pkg/hub/openrouter.go:86.86,89.18 3 1
github.com/kubestellar/hive/v2/pkg/hub/openrouter.go:89.18,92.3 2 1
github.com/kubestellar/hive/v2/pkg/hub/openrouter.go:93.2,94.45 2 1
github.com/kubestellar/hive/v2/pkg/hub/openrouter.go:94.45,97.3 2 1
github.com/kubestellar/hive/v2/pkg/hub/openrouter.go:99.2,100.16 2 1
github.com/kubestellar/hive/v2/pkg/hub/openrouter.go:100.16,103.3 2 0
github.com/kubestellar/hive/v2/pkg/hub/openrouter.go:104.2,105.16 2 1
github.com/kubestellar/hive/v2/pkg/hub/openrouter.go:105.16,108.3 2 0
github.com/kubestellar/hive/v2/pkg/hub/openrouter.go:109.2,110.16 2 1
github.com/kubestellar/hive/v2/pkg/hub/openrouter.go:110.16,113.3 2 0
github.com/kubestellar/hive/v2/pkg/hub/openrouter.go:114.2,115.93 2 1
github.com/kubestellar/hive/v2/pkg/hub/openrouter.go:120.83,122.50 2 1
github.com/kubestellar/hive/v2/pkg/hub/openrouter.go:122.50,125.3 2 1
github.com/kubestellar/hive/v2/pkg/hub/openrouter.go:126.2,127.16 2 1
github.com/kubestellar/hive/v2/pkg/hub/openrouter.go:127.16,130.3 2 1
github.com/kubestellar/hive/v2/pkg/hub/openrouter.go:131.2,133.14 3 1
github.com/kubestellar/hive/v2/pkg/hub/openrouter.go:138.87,146.2 3 1
github.com/kubestellar/hive/v2/pkg/hub/openrouter.go:153.87,155.18 2 1
github.com/kubestellar/hive/v2/pkg/hub/openrouter.go:155.18,158.3 2 1
github.com/kubestellar/hive/v2/pkg/hub/openrouter.go:159.2,160.45 2 1
github.com/kubestellar/hive/v2/pkg/hub/openrouter.go:160.45,163.3 2 1
github.com/kubestellar/hive/v2/pkg/hub/openrouter.go:164.2,168.4 3 1
github.com/kubestellar/hive/v2/pkg/hub/openrouter.go:175.89,179.31 4 1
github.com/kubestellar/hive/v2/pkg/hub/openrouter.go:179.31,182.3 2 1
github.com/kubestellar/hive/v2/pkg/hub/openrouter.go:183.2,184.9 2 1
github.com/kubestellar/hive/v2/pkg/hub/openrouter.go:184.9,187.3 2 1
github.com/kubestellar/hive/v2/pkg/hub/openrouter.go:188.2,188.23 1 1
github.com/kubestellar/hive/v2/pkg/hub/openrouter.go:188.23,191.3 2 0
github.com/kubestellar/hive/v2/pkg/hub/openrouter.go:193.2,194.16 2 1
github.com/kubestellar/hive/v2/pkg/hub/openrouter.go:194.16,198.3 3 1
github.com/kubestellar/hive/v2/pkg/hub/openrouter.go:199.2,200.17 2 1
github.com/kubestellar/hive/v2/pkg/hub/openrouter.go:200.17,202.3 1 1
github.com/kubestellar/hive/v2/pkg/hub/openrouter.go:203.2,212.63 3 1
github.com/kubestellar/hive/v2/pkg/hub/openrouter.go:217.84,221.2 3 1
github.com/kubestellar/hive/v2/pkg/hub/openrouter.go:225.79,229.9 4 1
github.com/kubestellar/hive/v2/pkg/hub/openrouter.go:229.9,231.3 1 1
github.com/kubestellar/hive/v2/pkg/hub/openrouter.go:232.2,233.11 2 1
github.com/kubestellar/hive/v2/pkg/hub/openrouter.go:238.59,243.2 4 1
github.com/kubestellar/hive/v2/pkg/hub/openrouter.go:248.39,252.2 1 1
github.com/kubestellar/hive/v2/pkg/hub/reading_list.go:99.79,110.2 5 1
github.com/kubestellar/hive/v2/pkg/hub/reading_list.go:114.73,119.86 3 1
github.com/kubestellar/hive/v2/pkg/hub/reading_list.go:119.86,121.3 1 1
github.com/kubestellar/hive/v2/pkg/hub/reading_list.go:124.2,125.37 2 1
github.com/kubestellar/hive/v2/pkg/hub/reading_list.go:125.37,130.3 4 1
github.com/kubestellar/hive/v2/pkg/hub/reading_list.go:131.2,131.16 1 1
github.com/kubestellar/hive/v2/pkg/hub/reading_list.go:131.16,133.3 1 1
github.com/kubestellar/hive/v2/pkg/hub/reading_list.go:133.8,135.3 1 0
github.com/kubestellar/hive/v2/pkg/hub/reading_list.go:138.2,138.31 1 1
github.com/kubestellar/hive/v2/pkg/hub/reading_list.go:138.31,140.3 1 1
github.com/kubestellar/hive/v2/pkg/hub/reading_list.go:144.2,144.59 1 1
github.com/kubestellar/hive/v2/pkg/hub/reading_list.go:151.66,153.16 2 1
github.com/kubestellar/hive/v2/pkg/hub/reading_list.go:153.16,155.3 1 0
github.com/kubestellar/hive/v2/pkg/hub/reading_list.go:157.2,162.16 5 1
github.com/kubestellar/hive/v2/pkg/hub/reading_list.go:162.16,164.3 1 1
github.com/kubestellar/hive/v2/pkg/hub/reading_list.go:165.2,168.16 3 1
github.com/kubestellar/hive/v2/pkg/hub/reading_list.go:168.16,170.3 1 0
github.com/kubestellar/hive/v2/pkg/hub/reading_list.go:171.2,171.44 1 1
github.com/kubestellar/hive/v2/pkg/hub/reading_list.go:200.57,207.27 4 1
github.com/kubestellar/hive/v2/pkg/hub/reading_list.go:207.27,210.24 3 1
github.com/kubestellar/hive/v2/pkg/hub/reading_list.go:210.24,212.4 1 1
github.com/kubestellar/hive/v2/pkg/hub/reading_list.go:213.3,217.44 4 1
github.com/kubestellar/hive/v2/pkg/hub/reading_list.go:217.44,218.12 1 1
github.com/kubestellar/hive/v2/pkg/hub/reading_list.go:221.3,224.44 4 1
github.com/kubestellar/hive/v2/pkg/hub/reading_list.go:224.44,225.12 1 1
github.com/kubestellar/hive/v2/pkg/hub/reading_list.go:228.3,235.5 2 1
github.com/kubestellar/hive/v2/pkg/hub/reading_list.go:239.2,239.49 1 1
github.com/kubestellar/hive/v2/pkg/hub/reading_list.go:239.49,241.3 1 1
github.com/kubestellar/hive/v2/pkg/hub/reading_list.go:242.2,242.17 1 1
github.com/kubestellar/hive/v2/pkg/hub/reading_list.go:246.53,248.14 2 1
github.com/kubestellar/hive/v2/pkg/hub/reading_list.go:248.14,250.3 1 1
github.com/kubestellar/hive/v2/pkg/hub/reading_list.go:251.2,251.13 1 1
github.com/kubestellar/hive/v2/pkg/hub/reading_list.go:257.36,258.13 1 1
github.com/kubestellar/hive/v2/pkg/hub/reading_list.go:258.13,260.3 1 1
github.com/kubestellar/hive/v2/pkg/hub/reading_list.go:261.2,262.64 2 1
github.com/kubestellar/hive/v2/pkg/hub/reading_list.go:262.64,264.3 1 1
github.com/kubestellar/hive/v2/pkg/hub/reading_list.go:265.2,265.31 1 1
github.com/kubestellar/hive/v2/pkg/hub/reading_list.go:271.49,273.15 2 1
github.com/kubestellar/hive/v2/pkg/hub/reading_list.go:273.15,275.3 1 1
github.com/kubestellar/hive/v2/pkg/hub/reading_list.go:276.2,276.57 1 1
github.com/kubestellar/hive/v2/pkg/hub/reading_list.go:276.57,278.3 1 1
github.com/kubestellar/hive/v2/pkg/hub/reading_list.go:280.2,280.20 1 1
github.com/kubestellar/hive/v2/pkg/hub/reading_list.go:280.20,281.63 1 1
github.com/kubestellar/hive/v2/pkg/hub/reading_list.go:281.63,283.4 1 1
github.com/kubestellar/hive/v2/pkg/hub/reading_list.go:285.2,285.27 1 1
github.com/kubestellar/hive/v2/pkg/hub/saas.go:62.44,64.83 2 1
github.com/kubestellar/hive/v2/pkg/hub/saas.go:64.83,66.3 1 1
github.com/kubestellar/hive/v2/pkg/hub/saas.go:67.2,68.57 2 1
github.com/kubestellar/hive/v2/pkg/hub/saas.go:68.57,70.3 1 0
github.com/kubestellar/hive/v2/pkg/hub/saas.go:71.2,71.62 1 1
github.com/kubestellar/hive/v2/pkg/hub/saas.go:71.62,73.3 1 1
github.com/kubestellar/hive/v2/pkg/hub/saas.go:74.2,74.17 1 1
github.com/kubestellar/hive/v2/pkg/hub/saas.go:77.53,79.16 2 1
github.com/kubestellar/hive/v2/pkg/hub/saas.go:79.16,81.3 1 1
github.com/kubestellar/hive/v2/pkg/hub/saas.go:82.2,83.16 2 1
github.com/kubestellar/hive/v2/pkg/hub/saas.go:83.16,85.3 1 0
github.com/kubestellar/hive/v2/pkg/hub/saas.go:86.2,87.16 2 1
github.com/kubestellar/hive/v2/pkg/hub/saas.go:87.16,89.3 1 0
github.com/kubestellar/hive/v2/pkg/hub/saas.go:90.2,91.59 2 1
github.com/kubestellar/hive/v2/pkg/hub/saas.go:91.59,93.3 1 0
github.com/kubestellar/hive/v2/pkg/hub/saas.go:94.2,95.59 2 1
github.com/kubestellar/hive/v2/pkg/hub/saas.go:98.51,100.16 2 1
github.com/kubestellar/hive/v2/pkg/hub/saas.go:100.16,102.3 1 1
github.com/kubestellar/hive/v2/pkg/hub/saas.go:103.2,104.16 2 1
github.com/kubestellar/hive/v2/pkg/hub/saas.go:104.16,106.3 1 1
github.com/kubestellar/hive/v2/pkg/hub/saas.go:107.2,108.16 2 1
github.com/kubestellar/hive/v2/pkg/hub/saas.go:108.16,110.3 1 0
github.com/kubestellar/hive/v2/pkg/hub/saas.go:111.2,112.16 2 1
github.com/kubestellar/hive/v2/pkg/hub/saas.go:112.16,114.3 1 0
github.com/kubestellar/hive/v2/pkg/hub/saas.go:115.2,116.27 2 1
github.com/kubestellar/hive/v2/pkg/hub/saas.go:116.27,118.3 1 1
github.com/kubestellar/hive/v2/pkg/hub/saas.go:119.2,120.16 2 1
github.com/kubestellar/hive/v2/pkg/hub/saas.go:120.16,122.3 1 0
github.com/kubestellar/hive/v2/pkg/hub/saas.go:123.2,123.31 1 1
github.com/kubestellar/hive/v2/pkg/hub/saas.go:126.42,183.24 45 1
github.com/kubestellar/hive/v2/pkg/hub/saas.go:183.24,189.3 3 0
github.com/kubestellar/hive/v2/pkg/hub/saas.go:192.73,193.54 1 1
github.com/kubestellar/hive/v2/pkg/hub/saas.go:193.54,194.21 1 1
github.com/kubestellar/hive/v2/pkg/hub/saas.go:194.21,199.4 4 1
github.com/kubestellar/hive/v2/pkg/hub/saas.go:200.3,201.21 2 1
github.com/kubestellar/hive/v2/pkg/hub/saas.go:201.21,206.4 4 1
github.com/kubestellar/hive/v2/pkg/hub/saas.go:207.3,208.18 2 1
github.com/kubestellar/hive/v2/pkg/hub/saas.go:208.18,211.4 2 1
github.com/kubestellar/hive/v2/pkg/hub/saas.go:212.3,212.18 1 1
github.com/kubestellar/hive/v2/pkg/hub/saas.go:212.18,217.4 4 1
github.com/kubestellar/hive/v2/pkg/hub/saas.go:218.3,218.19 1 1
github.com/kubestellar/hive/v2/pkg/hub/saas.go:218.19,223.4 4 1
github.com/kubestellar/hive/v2/pkg/hub/saas.go:224.3,224.13 1 1
github.com/kubestellar/hive/v2/pkg/hub/saas.go:228.39,229.70 1 1
github.com/kubestellar/hive/v2/pkg/hub/saas.go:229.70,231.3 1 1
github.com/kubestellar/hive/v2/pkg/hub/saas.go:232.2,233.18 2 1
github.com/kubestellar/hive/v2/pkg/hub/saas.go:233.18,235.3 1 1
github.com/kubestellar/hive/v2/pkg/hub/saas.go:236.2,237.19 2 1
github.com/kubestellar/hive/v2/pkg/hub/saas.go:237.19,239.3 1 1
github.com/kubestellar/hive/v2/pkg/hub/saas.go:240.2,241.49 2 1
github.com/kubestellar/hive/v2/pkg/hub/saas.go:244.39,246.16 2 1
github.com/kubestellar/hive/v2/pkg/hub/saas.go:246.16,248.3 1 1
github.com/kubestellar/hive/v2/pkg/hub/saas.go:249.2,253.22 2 1
github.com/kubestellar/hive/v2/pkg/hub/saas.go:256.57,258.38 2 1
github.com/kubestellar/hive/v2/pkg/hub/saas.go:258.38,259.40 1 1
github.com/kubestellar/hive/v2/pkg/hub/saas.go:259.40,261.4 1 1
github.com/kubestellar/hive/v2/pkg/hub/saas.go:264.2,265.40 2 1
github.com/kubestellar/hive/v2/pkg/hub/saas.go:265.40,267.63 2 1
github.com/kubestellar/hive/v2/pkg/hub/saas.go:267.63,269.4 1 1
github.com/kubestellar/hive/v2/pkg/hub/saas.go:272.2,272.11 1 1
github.com/kubestellar/hive/v2/pkg/hub/saas.go:287.62,288.17 1 1
github.com/kubestellar/hive/v2/pkg/hub/saas.go:288.17,290.3 1 1
github.com/kubestellar/hive/v2/pkg/hub/saas.go:292.2,293.80 2 1
github.com/kubestellar/hive/v2/pkg/hub/saas.go:293.80,296.3 2 1
github.com/kubestellar/hive/v2/pkg/hub/saas.go:297.2,302.16 4 1
github.com/kubestellar/hive/v2/pkg/hub/saas.go:302.16,304.3 1 0
github.com/kubestellar/hive/v2/pkg/hub/saas.go:305.2,308.42 4 1
github.com/kubestellar/hive/v2/pkg/hub/saas.go:308.42,310.3 1 1
github.com/kubestellar/hive/v2/pkg/hub/saas.go:311.2,315.53 3 1
github.com/kubestellar/hive/v2/pkg/hub/saas.go:315.53,317.3 1 0
github.com/kubestellar/hive/v2/pkg/hub/saas.go:319.2,323.19 4 1
github.com/kubestellar/hive/v2/pkg/hub/saas.go:326.46,327.109 1 1
github.com/kubestellar/hive/v2/pkg/hub/saas.go:327.109,329.3 1 1
github.com/kubestellar/hive/v2/pkg/hub/saas.go:330.2,332.16 3 1
github.com/kubestellar/hive/v2/pkg/hub/saas.go:332.16,334.3 1 1
github.com/kubestellar/hive/v2/pkg/hub/saas.go:335.2,336.37 2 1
github.com/kubestellar/hive/v2/pkg/hub/saas.go:336.37,338.3 1 0
github.com/kubestellar/hive/v2/pkg/hub/saas.go:339.2,339.20 1 1
github.com/kubestellar/hive/v2/pkg/hub/saas.go:339.20,341.3 1 0
github.com/kubestellar/hive/v2/pkg/hub/saas.go:342.2,342.11 1 1
github.com/kubestellar/hive/v2/pkg/hub/saas.go:345.38,346.133 1 1
github.com/kubestellar/hive/v2/pkg/hub/saas.go:346.133,348.3 1 1
github.com/kubestellar/hive/v2/pkg/hub/saas.go:349.2,351.16 3 1
github.com/kubestellar/hive/v2/pkg/hub/saas.go:351.16,353.3 1 0
github.com/kubestellar/hive/v2/pkg/hub/saas.go:354.2,356.59 3 1
github.com/kubestellar/hive/v2/pkg/hub/saas.go:356.59,358.3 1 1
github.com/kubestellar/hive/v2/pkg/hub/saas.go:359.2,359.33 1 1
github.com/kubestellar/hive/v2/pkg/hub/saas.go:362.48,365.14 3 1
github.com/kubestellar/hive/v2/pkg/hub/saas.go:365.14,367.41 2 1
github.com/kubestellar/hive/v2/pkg/hub/saas.go:367.41,369.4 1 0
github.com/kubestellar/hive/v2/pkg/hub/saas.go:370.3,370.11 1 1
github.com/kubestellar/hive/v2/pkg/hub/saas.go:372.2,373.34 2 1
github.com/kubestellar/hive/v2/pkg/hub/saas.go:373.34,375.3 1 1
github.com/kubestellar/hive/v2/pkg/hub/saas.go:376.2,384.10 3 1
github.com/kubestellar/hive/v2/pkg/hub/saas.go:387.36,390.16 3 1
github.com/kubestellar/hive/v2/pkg/hub/saas.go:390.16,392.3 1 1
github.com/kubestellar/hive/v2/pkg/hub/saas.go:393.2,394.28 2 1
github.com/kubestellar/hive/v2/pkg/hub/saas.go:394.28,395.44 1 1
github.com/kubestellar/hive/v2/pkg/hub/saas.go:395.44,396.12 1 0
github.com/kubestellar/hive/v2/pkg/hub/saas.go:398.3,399.15 2 1
github.com/kubestellar/hive/v2/pkg/hub/saas.go:399.15,401.4 1 1
github.com/kubestellar/hive/v2/pkg/hub/saas.go:403.2,403.14 1 1
github.com/kubestellar/hive/v2/pkg/hub/saas.go:406.74,407.54 1 1
github.com/kubestellar/hive/v2/pkg/hub/saas.go:407.54,409.35 2 1
github.com/kubestellar/hive/v2/pkg/hub/saas.go:409.35,412.4 2 1
github.com/kubestellar/hive/v2/pkg/hub/saas.go:413.3,413.13 1 0
github.com/kubestellar/hive/v2/pkg/hub/saas.go:417.78,419.23 2 1
github.com/kubestellar/hive/v2/pkg/hub/saas.go:419.23,421.3 1 1
github.com/kubestellar/hive/v2/pkg/hub/saas.go:422.2,423.59 2 1
github.com/kubestellar/hive/v2/pkg/hub/saas.go:426.83,429.14 3 1
github.com/kubestellar/hive/v2/pkg/hub/saas.go:429.14,432.3 2 1
github.com/kubestellar/hive/v2/pkg/hub/saas.go:433.2,437.62 2 1
github.com/kubestellar/hive/v2/pkg/hub/saas.go:437.62,440.3 2 0
github.com/kubestellar/hive/v2/pkg/hub/saas.go:441.2,441.27 1 1
github.com/kubestellar/hive/v2/pkg/hub/saas.go:441.27,443.3 1 1
github.com/kubestellar/hive/v2/pkg/hub/saas.go:444.2,444.25 1 1
github.com/kubestellar/hive/v2/pkg/hub/saas.go:444.25,446.3 1 1
github.com/kubestellar/hive/v2/pkg/hub/saas.go:447.2,450.67 4 1
github.com/kubestellar/hive/v2/pkg/hub/saas.go:458.83,460.34 2 1
github.com/kubestellar/hive/v2/pkg/hub/saas.go:460.34,463.3 2 1
github.com/kubestellar/hive/v2/pkg/hub/saas.go:464.2,464.109 1 1
github.com/kubestellar/hive/v2/pkg/hub/saas.go:464.109,467.3 2 1
github.com/kubestellar/hive/v2/pkg/hub/saas.go:468.2,469.14 2 1
github.com/kubestellar/hive/v2/pkg/hub/saas.go:469.14,472.3 2 1
github.com/kubestellar/hive/v2/pkg/hub/saas.go:473.2,474.36 2 1
github.com/kubestellar/hive/v2/pkg/hub/saas.go:474.36,475.22 1 1
github.com/kubestellar/hive/v2/pkg/hub/saas.go:475.22,477.4 1 1
github.com/kubestellar/hive/v2/pkg/hub/saas.go:479.2,479.25 1 1
github.com/kubestellar/hive/v2/pkg/hub/saas.go:479.25,483.3 3 1
github.com/kubestellar/hive/v2/pkg/hub/saas.go:484.2,485.63 2 1
github.com/kubestellar/hive/v2/pkg/hub/saas.go:485.63,489.3 3 0
github.com/kubestellar/hive/v2/pkg/hub/saas.go:490.2,492.67 3 1
github.com/kubestellar/hive/v2/pkg/hub/saas.go:499.47,500.24 1 1
github.com/kubestellar/hive/v2/pkg/hub/saas.go:500.24,502.3 1 1
github.com/kubestellar/hive/v2/pkg/hub/saas.go:503.2,503.25 1 1
github.com/kubestellar/hive/v2/pkg/hub/saas.go:508.63,509.40 1 1
github.com/kubestellar/hive/v2/pkg/hub/saas.go:509.40,511.3 1 1
github.com/kubestellar/hive/v2/pkg/hub/saas.go:512.2,512.11 1 1
github.com/kubestellar/hive/v2/pkg/hub/saas.go:525.80,527.31 2 1
github.com/kubestellar/hive/v2/pkg/hub/saas.go:527.31,534.3 1 1
github.com/kubestellar/hive/v2/pkg/hub/saas.go:536.2,536.42 1 1
github.com/kubestellar/hive/v2/pkg/hub/saas.go:536.42,538.3 1 0
github.com/kubestellar/hive/v2/pkg/hub/saas.go:539.2,540.36 2 1
github.com/kubestellar/hive/v2/pkg/hub/saas.go:657.81,659.93 2 1
github.com/kubestellar/hive/v2/pkg/hub/saas.go:659.93,665.3 5 1
github.com/kubestellar/hive/v2/pkg/hub/saas.go:666.2,669.16 3 1
github.com/kubestellar/hive/v2/pkg/hub/saas.go:669.16,673.3 3 0
github.com/kubestellar/hive/v2/pkg/hub/saas.go:675.2,681.33 6 1
github.com/kubestellar/hive/v2/pkg/hub/saas.go:696.71,702.44 3 1
github.com/kubestellar/hive/v2/pkg/hub/saas.go:702.44,703.41 1 1
github.com/kubestellar/hive/v2/pkg/hub/saas.go:703.41,705.4 1 1
github.com/kubestellar/hive/v2/pkg/hub/saas.go:706.3,707.28 2 1
github.com/kubestellar/hive/v2/pkg/hub/saas.go:709.2,709.37 1 1
github.com/kubestellar/hive/v2/pkg/hub/saas.go:709.37,711.3 1 1
github.com/kubestellar/hive/v2/pkg/hub/saas.go:712.2,713.37 2 1
github.com/kubestellar/hive/v2/pkg/hub/saas.go:713.37,714.24 1 0
github.com/kubestellar/hive/v2/pkg/hub/saas.go:714.24,716.4 1 0
github.com/kubestellar/hive/v2/pkg/hub/saas.go:716.9,719.4 1 0
github.com/kubestellar/hive/v2/pkg/hub/saas.go:721.2,723.41 3 1
github.com/kubestellar/hive/v2/pkg/hub/saas.go:723.41,725.3 1 1
github.com/kubestellar/hive/v2/pkg/hub/saas.go:726.2,738.31 5 1
github.com/kubestellar/hive/v2/pkg/hub/saas.go:738.31,741.34 3 1
github.com/kubestellar/hive/v2/pkg/hub/saas.go:741.34,744.4 2 1
github.com/kubestellar/hive/v2/pkg/hub/saas.go:748.2,756.34 8 1
github.com/kubestellar/hive/v2/pkg/hub/saas.go:756.34,758.10 2 1
github.com/kubestellar/hive/v2/pkg/hub/saas.go:759.26,760.22 1 1
github.com/kubestellar/hive/v2/pkg/hub/saas.go:760.22,763.73 2 0
github.com/kubestellar/hive/v2/pkg/hub/saas.go:763.73,773.14 10 0
github.com/kubestellar/hive/v2/pkg/hub/saas.go:775.5,780.13 2 0
github.com/kubestellar/hive/v2/pkg/hub/saas.go:782.4,791.112 10 1
github.com/kubestellar/hive/v2/pkg/hub/saas.go:792.30,795.72 2 0
github.com/kubestellar/hive/v2/pkg/hub/saas.go:795.72,805.13 10 0
github.com/kubestellar/hive/v2/pkg/hub/saas.go:807.4,811.6 1 0
github.com/kubestellar/hive/v2/pkg/hub/saas.go:815.2,816.21 2 1
github.com/kubestellar/hive/v2/pkg/hub/saas.go:816.21,818.3 1 1
github.com/kubestellar/hive/v2/pkg/hub/saas.go:819.2,820.21 2 1
github.com/kubestellar/hive/v2/pkg/hub/saas.go:820.21,822.3 1 1
github.com/kubestellar/hive/v2/pkg/hub/saas.go:823.2,829.27 3 1
github.com/kubestellar/hive/v2/pkg/hub/saas.go:829.27,831.3 1 1
github.com/kubestellar/hive/v2/pkg/hub/saas.go:832.2,833.44 2 1
github.com/kubestellar/hive/v2/pkg/hub/saas.go:833.44,834.62 1 1
github.com/kubestellar/hive/v2/pkg/hub/saas.go:834.62,835.12 1 1
github.com/kubestellar/hive/v2/pkg/hub/saas.go:837.3,844.111 8 1
github.com/kubestellar/hive/v2/pkg/hub/saas.go:846.2,850.21 3 1
github.com/kubestellar/hive/v2/pkg/hub/saas.go:850.21,852.3 1 1
github.com/kubestellar/hive/v2/pkg/hub/saas.go:853.2,854.21 2 1
github.com/kubestellar/hive/v2/pkg/hub/saas.go:854.21,856.3 1 1
github.com/kubestellar/hive/v2/pkg/hub/saas.go:857.2,860.45 2 1
github.com/kubestellar/hive/v2/pkg/hub/saas.go:860.45,862.3 1 1
github.com/kubestellar/hive/v2/pkg/hub/saas.go:864.2,875.8 1 1
github.com/kubestellar/hive/v2/pkg/hub/saas.go:878.73,879.63 1 1
github.com/kubestellar/hive/v2/pkg/hub/saas.go:879.63,881.3 1 1
github.com/kubestellar/hive/v2/pkg/hub/saas.go:882.2,882.42 1 1
github.com/kubestellar/hive/v2/pkg/hub/saas.go:882.42,884.3 1 1
github.com/kubestellar/hive/v2/pkg/hub/saas.go:885.2,885.41 1 1
github.com/kubestellar/hive/v2/pkg/hub/saas.go:889.117,897.16 6 1
github.com/kubestellar/hive/v2/pkg/hub/saas.go:897.16,899.3 1 0
github.com/kubestellar/hive/v2/pkg/hub/saas.go:902.2,904.16 3 1
github.com/kubestellar/hive/v2/pkg/hub/saas.go:904.16,906.3 1 0
github.com/kubestellar/hive/v2/pkg/hub/saas.go:909.2,927.59 2 1
github.com/kubestellar/hive/v2/pkg/hub/saas.go:927.59,929.3 1 0
github.com/kubestellar/hive/v2/pkg/hub/saas.go:932.2,945.39 4 1
github.com/kubestellar/hive/v2/pkg/hub/saas.go:945.39,957.47 10 1
github.com/kubestellar/hive/v2/pkg/hub/saas.go:957.47,958.60 1 1
github.com/kubestellar/hive/v2/pkg/hub/saas.go:958.60,960.5 1 0
github.com/kubestellar/hive/v2/pkg/hub/saas.go:961.4,961.53 1 1
github.com/kubestellar/hive/v2/pkg/hub/saas.go:961.53,964.5 2 1
github.com/kubestellar/hive/v2/pkg/hub/saas.go:964.10,964.60 1 1
github.com/kubestellar/hive/v2/pkg/hub/saas.go:964.60,966.5 1 0
github.com/kubestellar/hive/v2/pkg/hub/saas.go:968.3,968.30 1 1
github.com/kubestellar/hive/v2/pkg/hub/saas.go:968.30,970.4 1 0
github.com/kubestellar/hive/v2/pkg/hub/saas.go:971.3,971.35 1 1
github.com/kubestellar/hive/v2/pkg/hub/saas.go:976.2,978.29 3 1
github.com/kubestellar/hive/v2/pkg/hub/saas.go:978.29,981.34 3 1
github.com/kubestellar/hive/v2/pkg/hub/saas.go:981.34,982.12 1 0
github.com/kubestellar/hive/v2/pkg/hub/saas.go:984.3,989.10 5 1
github.com/kubestellar/hive/v2/pkg/hub/saas.go:989.10,990.12 1 0
github.com/kubestellar/hive/v2/pkg/hub/saas.go:993.3,995.28 3 1
github.com/kubestellar/hive/v2/pkg/hub/saas.go:995.28,997.4 1 1
github.com/kubestellar/hive/v2/pkg/hub/saas.go:999.3,1002.28 4 1
github.com/kubestellar/hive/v2/pkg/hub/saas.go:1002.28,1004.4 1 1
github.com/kubestellar/hive/v2/pkg/hub/saas.go:1006.3,1018.5 1 1
github.com/kubestellar/hive/v2/pkg/hub/saas.go:1026.2,1028.21 3 1
github.com/kubestellar/hive/v2/pkg/hub/saas.go:1028.21,1044.47 2 1
github.com/kubestellar/hive/v2/pkg/hub/saas.go:1044.47,1051.37 5 1
github.com/kubestellar/hive/v2/pkg/hub/saas.go:1051.37,1053.41 2 1
github.com/kubestellar/hive/v2/pkg/hub/saas.go:1053.41,1056.6 2 1
github.com/kubestellar/hive/v2/pkg/hub/saas.go:1057.5,1057.75 1 1
github.com/kubestellar/hive/v2/pkg/hub/saas.go:1057.75,1058.55 1 1
github.com/kubestellar/hive/v2/pkg/hub/saas.go:1058.55,1060.7 1 1
github.com/kubestellar/hive/v2/pkg/hub/saas.go:1061.6,1061.73 1 1
github.com/kubestellar/hive/v2/pkg/hub/saas.go:1064.4,1064.25 1 1
github.com/kubestellar/hive/v2/pkg/hub/saas.go:1064.25,1067.5 2 1
github.com/kubestellar/hive/v2/pkg/hub/saas.go:1075.2,1076.32 2 1
github.com/kubestellar/hive/v2/pkg/hub/saas.go:1076.32,1078.33 2 1
github.com/kubestellar/hive/v2/pkg/hub/saas.go:1078.33,1081.4 1 1
github.com/kubestellar/hive/v2/pkg/hub/saas.go:1082.3,1083.33 2 1
github.com/kubestellar/hive/v2/pkg/hub/saas.go:1087.2,1092.26 6 1
github.com/kubestellar/hive/v2/pkg/hub/saas.go:1092.26,1095.36 3 1
github.com/kubestellar/hive/v2/pkg/hub/saas.go:1095.36,1098.4 2 1
github.com/kubestellar/hive/v2/pkg/hub/saas.go:1099.3,1099.43 1 1
github.com/kubestellar/hive/v2/pkg/hub/saas.go:1102.2,1103.23 2 1
github.com/kubestellar/hive/v2/pkg/hub/saas.go:1103.23,1105.3 1 1
github.com/kubestellar/hive/v2/pkg/hub/saas.go:1106.2,1107.23 2 1
github.com/kubestellar/hive/v2/pkg/hub/saas.go:1107.23,1109.3 1 1
github.com/kubestellar/hive/v2/pkg/hub/saas.go:1110.2,1127.26 3 1
github.com/kubestellar/hive/v2/pkg/hub/saas.go:1127.26,1132.3 1 1
github.com/kubestellar/hive/v2/pkg/hub/saas.go:1134.2,1134.20 1 1
github.com/kubestellar/hive/v2/pkg/hub/saas.go:1139.90,1143.48 4 1
github.com/kubestellar/hive/v2/pkg/hub/saas.go:1143.48,1145.3 1 1
github.com/kubestellar/hive/v2/pkg/hub/saas.go:1146.2,1146.14 1 1
github.com/kubestellar/hive/v2/pkg/hub/saas.go:1152.133,1157.33 3 1
github.com/kubestellar/hive/v2/pkg/hub/saas.go:1157.33,1172.3 1 1
github.com/kubestellar/hive/v2/pkg/hub/saas.go:1174.2,1194.36 3 1
github.com/kubestellar/hive/v2/pkg/hub/saas.go:1194.36,1197.3 2 1
github.com/kubestellar/hive/v2/pkg/hub/saas.go:1197.8,1197.37 1 1
github.com/kubestellar/hive/v2/pkg/hub/saas.go:1197.37,1199.3 1 1
github.com/kubestellar/hive/v2/pkg/hub/saas.go:1202.2,1202.30 1 1
github.com/kubestellar/hive/v2/pkg/hub/saas.go:1202.30,1207.3 1 1
github.com/kubestellar/hive/v2/pkg/hub/saas.go:1209.2,1209.12 1 1
github.com/kubestellar/hive/v2/pkg/hub/saas.go:1214.34,1216.31 2 1
github.com/kubestellar/hive/v2/pkg/hub/saas.go:1216.31,1220.3 3 1
github.com/kubestellar/hive/v2/pkg/hub/saas.go:1221.2,1221.31 1 1
github.com/kubestellar/hive/v2/pkg/hub/saas.go:1221.31,1224.3 2 1
github.com/kubestellar/hive/v2/pkg/hub/saas.go:1225.2,1226.37 2 1
github.com/kubestellar/hive/v2/pkg/hub/saas.go:1230.37,1232.32 2 1
github.com/kubestellar/hive/v2/pkg/hub/saas.go:1232.32,1235.3 2 1
github.com/kubestellar/hive/v2/pkg/hub/saas.go:1236.2,1236.32 1 1
github.com/kubestellar/hive/v2/pkg/hub/saas.go:1236.32,1239.3 2 1
github.com/kubestellar/hive/v2/pkg/hub/saas.go:1240.2,1240.32 1 1
github.com/kubestellar/hive/v2/pkg/hub/saas.go:1240.32,1243.3 2 1
github.com/kubestellar/hive/v2/pkg/hub/saas.go:1244.2,1244.27 1 1
github.com/kubestellar/hive/v2/pkg/hub/saas.go:1248.34,1250.31 2 1
github.com/kubestellar/hive/v2/pkg/hub/saas.go:1250.31,1253.3 2 1
github.com/kubestellar/hive/v2/pkg/hub/saas.go:1254.2,1255.37 2 1
github.com/kubestellar/hive/v2/pkg/hub/saas.go:1259.37,1261.32 2 1
github.com/kubestellar/hive/v2/pkg/hub/saas.go:1261.32,1264.3 2 1
github.com/kubestellar/hive/v2/pkg/hub/saas.go:1265.2,1265.32 1 1
github.com/kubestellar/hive/v2/pkg/hub/saas.go:1265.32,1268.3 2 1
github.com/kubestellar/hive/v2/pkg/hub/saas.go:1269.2,1269.32 1 1
github.com/kubestellar/hive/v2/pkg/hub/saas.go:1269.32,1272.3 2 1
github.com/kubestellar/hive/v2/pkg/hub/saas.go:1273.2,1273.27 1 1
github.com/kubestellar/hive/v2/pkg/hub/saas.go:1277.29,1281.2 3 1
github.com/kubestellar/hive/v2/pkg/hub/saas.go:1317.75,1319.20 2 1
github.com/kubestellar/hive/v2/pkg/hub/saas.go:1319.20,1322.3 2 1
github.com/kubestellar/hive/v2/pkg/hub/saas.go:1324.2,1336.37 10 1
github.com/kubestellar/hive/v2/pkg/hub/saas.go:1336.37,1340.3 3 1
github.com/kubestellar/hive/v2/pkg/hub/saas.go:1359.2,1359.49 1 1
github.com/kubestellar/hive/v2/pkg/hub/saas.go:1359.49,1361.16 2 1
github.com/kubestellar/hive/v2/pkg/hub/saas.go:1361.16,1363.4 1 1
github.com/kubestellar/hive/v2/pkg/hub/saas.go:1364.3,1365.81 2 1
github.com/kubestellar/hive/v2/pkg/hub/saas.go:1365.81,1367.4 1 0
github.com/kubestellar/hive/v2/pkg/hub/saas.go:1368.3,1368.20 1 1
github.com/kubestellar/hive/v2/pkg/hub/saas.go:1369.23,1370.39 1 0
github.com/kubestellar/hive/v2/pkg/hub/saas.go:1371.16,1373.30 2 0
github.com/kubestellar/hive/v2/pkg/hub/saas.go:1375.3,1395.124 5 1
github.com/kubestellar/hive/v2/pkg/hub/saas.go:1395.124,1398.4 2 0
github.com/kubestellar/hive/v2/pkg/hub/saas.go:1401.2,1402.29 2 1
github.com/kubestellar/hive/v2/pkg/hub/saas.go:1402.29,1403.39 1 1
github.com/kubestellar/hive/v2/pkg/hub/saas.go:1403.39,1404.34 1 1
github.com/kubestellar/hive/v2/pkg/hub/saas.go:1404.34,1406.5 1 0
github.com/kubestellar/hive/v2/pkg/hub/saas.go:1407.4,1410.12 4 1
github.com/kubestellar/hive/v2/pkg/hub/saas.go:1412.3,1412.43 1 1
github.com/kubestellar/hive/v2/pkg/hub/saas.go:1412.43,1417.12 5 1
github.com/kubestellar/hive/v2/pkg/hub/saas.go:1419.3,1419.14 1 1
github.com/kubestellar/hive/v2/pkg/hub/saas.go:1419.14,1423.4 3 1
github.com/kubestellar/hive/v2/pkg/hub/saas.go:1426.2,1427.27 2 1
github.com/kubestellar/hive/v2/pkg/hub/saas.go:1427.27,1429.3 1 1
github.com/kubestellar/hive/v2/pkg/hub/saas.go:1430.2,1430.39 1 1
github.com/kubestellar/hive/v2/pkg/hub/saas.go:1430.39,1431.19 1 1
github.com/kubestellar/hive/v2/pkg/hub/saas.go:1431.19,1432.12 1 1
github.com/kubestellar/hive/v2/pkg/hub/saas.go:1434.3,1434.81 1 1
github.com/kubestellar/hive/v2/pkg/hub/saas.go:1434.81,1436.17 2 1
github.com/kubestellar/hive/v2/pkg/hub/saas.go:1436.17,1452.36 3 1
github.com/kubestellar/hive/v2/pkg/hub/saas.go:1452.36,1454.6 1 1
github.com/kubestellar/hive/v2/pkg/hub/saas.go:1454.11,1454.36 1 1
github.com/kubestellar/hive/v2/pkg/hub/saas.go:1454.36,1457.6 2 1
github.com/kubestellar/hive/v2/pkg/hub/saas.go:1458.5,1462.23 5 1
github.com/kubestellar/hive/v2/pkg/hub/saas.go:1467.2,1467.37 1 1
github.com/kubestellar/hive/v2/pkg/hub/saas.go:1467.37,1468.56 1 1
github.com/kubestellar/hive/v2/pkg/hub/saas.go:1468.56,1485.35 4 1
github.com/kubestellar/hive/v2/pkg/hub/saas.go:1485.35,1487.5 1 0
github.com/kubestellar/hive/v2/pkg/hub/saas.go:1487.10,1487.35 1 1
github.com/kubestellar/hive/v2/pkg/hub/saas.go:1487.35,1490.5 2 0
github.com/kubestellar/hive/v2/pkg/hub/saas.go:1491.4,1495.22 5 1
github.com/kubestellar/hive/v2/pkg/hub/saas.go:1499.2,1499.25 1 1
github.com/kubestellar/hive/v2/pkg/hub/saas.go:1499.25,1501.3 1 1
github.com/kubestellar/hive/v2/pkg/hub/saas.go:1506.2,1507.27 2 1
github.com/kubestellar/hive/v2/pkg/hub/saas.go:1507.27,1508.35 1 1
github.com/kubestellar/hive/v2/pkg/hub/saas.go:1508.35,1510.9 2 1
github.com/kubestellar/hive/v2/pkg/hub/saas.go:1514.2,1515.27 2 1
github.com/kubestellar/hive/v2/pkg/hub/saas.go:1515.27,1516.77 1 1
github.com/kubestellar/hive/v2/pkg/hub/saas.go:1516.77,1518.4 1 1
github.com/kubestellar/hive/v2/pkg/hub/saas.go:1522.3,1522.35 1 1
github.com/kubestellar/hive/v2/pkg/hub/saas.go:1522.35,1524.4 1 1
github.com/kubestellar/hive/v2/pkg/hub/saas.go:1525.3,1525.61 1 1
github.com/kubestellar/hive/v2/pkg/hub/saas.go:1525.61,1528.29 3 1
github.com/kubestellar/hive/v2/pkg/hub/saas.go:1528.29,1529.32 1 0
github.com/kubestellar/hive/v2/pkg/hub/saas.go:1529.32,1535.6 1 0
github.com/kubestellar/hive/v2/pkg/hub/saas.go:1537.4,1538.39 2 1
github.com/kubestellar/hive/v2/pkg/hub/saas.go:1542.2,1567.18 3 1
github.com/kubestellar/hive/v2/pkg/hub/saas.go:1567.18,1569.3 1 0
github.com/kubestellar/hive/v2/pkg/hub/saas.go:1571.2,1571.13 1 1
github.com/kubestellar/hive/v2/pkg/hub/saas.go:1571.13,1573.3 1 1
github.com/kubestellar/hive/v2/pkg/hub/saas.go:1575.2,1576.33 2 1
github.com/kubestellar/hive/v2/pkg/hub/saas.go:1579.80,1581.20 2 1
github.com/kubestellar/hive/v2/pkg/hub/saas.go:1581.20,1588.3 3 1
github.com/kubestellar/hive/v2/pkg/hub/saas.go:1590.2,1591.17 2 1
github.com/kubestellar/hive/v2/pkg/hub/saas.go:1591.17,1599.3 3 1
github.com/kubestellar/hive/v2/pkg/hub/saas.go:1601.2,1614.29 9 1
github.com/kubestellar/hive/v2/pkg/hub/saas.go:1614.29,1615.39 1 1
github.com/kubestellar/hive/v2/pkg/hub/saas.go:1615.39,1617.12 2 1
github.com/kubestellar/hive/v2/pkg/hub/saas.go:1619.3,1619.43 1 1
github.com/kubestellar/hive/v2/pkg/hub/saas.go:1619.43,1621.12 2 0
github.com/kubestellar/hive/v2/pkg/hub/saas.go:1623.3,1623.14 1 1
github.com/kubestellar/hive/v2/pkg/hub/saas.go:1623.14,1625.12 2 0
github.com/kubestellar/hive/v2/pkg/hub/saas.go:1627.3,1628.28 2 1
github.com/kubestellar/hive/v2/pkg/hub/saas.go:1628.28,1629.59 1 1
github.com/kubestellar/hive/v2/pkg/hub/saas.go:1629.59,1631.10 2 1
github.com/kubestellar/hive/v2/pkg/hub/saas.go:1636.2,1646.4 2 1
github.com/kubestellar/hive/v2/pkg/hub/saas.go:1649.78,1651.20 2 1
github.com/kubestellar/hive/v2/pkg/hub/saas.go:1651.20,1654.3 2 1
github.com/kubestellar/hive/v2/pkg/hub/saas.go:1656.2,1657.33 2 1
github.com/kubestellar/hive/v2/pkg/hub/saas.go:1657.33,1660.3 2 1
github.com/kubestellar/hive/v2/pkg/hub/saas.go:1662.2,1662.25 1 1
github.com/kubestellar/hive/v2/pkg/hub/saas.go:1662.25,1665.3 2 1
github.com/kubestellar/hive/v2/pkg/hub/saas.go:1667.2,1670.61 4 1
github.com/kubestellar/hive/v2/pkg/hub/saas.go:1670.61,1673.3 2 1
github.com/kubestellar/hive/v2/pkg/hub/saas.go:1675.2,1675.38 1 1
github.com/kubestellar/hive/v2/pkg/hub/saas.go:1675.38,1678.3 2 1
github.com/kubestellar/hive/v2/pkg/hub/saas.go:1679.2,1679.27 1 1
github.com/kubestellar/hive/v2/pkg/hub/saas.go:1679.27,1682.3 2 1
github.com/kubestellar/hive/v2/pkg/hub/saas.go:1683.2,1683.50 1 1
github.com/kubestellar/hive/v2/pkg/hub/saas.go:1683.50,1684.44 1 1
github.com/kubestellar/hive/v2/pkg/hub/saas.go:1684.44,1687.4 2 1
github.com/kubestellar/hive/v2/pkg/hub/saas.go:1689.2,1692.42 4 1
github.com/kubestellar/hive/v2/pkg/hub/saas.go:1692.42,1695.3 2 1
github.com/kubestellar/hive/v2/pkg/hub/saas.go:1696.2,1696.115 1 1
github.com/kubestellar/hive/v2/pkg/hub/saas.go:1696.115,1699.3 2 1
github.com/kubestellar/hive/v2/pkg/hub/saas.go:1700.2,1700.86 1 1
github.com/kubestellar/hive/v2/pkg/hub/saas.go:1700.86,1703.3 2 1
github.com/kubestellar/hive/v2/pkg/hub/saas.go:1705.2,1705.70 1 1
github.com/kubestellar/hive/v2/pkg/hub/saas.go:1705.70,1708.3 2 1
github.com/kubestellar/hive/v2/pkg/hub/saas.go:1710.2,1710.72 1 1
github.com/kubestellar/hive/v2/pkg/hub/saas.go:1710.72,1713.3 2 0
github.com/kubestellar/hive/v2/pkg/hub/saas.go:1715.2,1716.23 2 1
github.com/kubestellar/hive/v2/pkg/hub/saas.go:1716.23,1718.3 1 1
github.com/kubestellar/hive/v2/pkg/hub/saas.go:1719.2,1720.41 2 1
github.com/kubestellar/hive/v2/pkg/hub/saas.go:1720.41,1722.3 1 1
github.com/kubestellar/hive/v2/pkg/hub/saas.go:1723.2,1724.26 2 1
github.com/kubestellar/hive/v2/pkg/hub/saas.go:1724.26,1726.3 1 1
github.com/kubestellar/hive/v2/pkg/hub/saas.go:1729.2,1730.25 2 1
github.com/kubestellar/hive/v2/pkg/hub/saas.go:1730.25,1732.3 1 1
github.com/kubestellar/hive/v2/pkg/hub/saas.go:1733.2,1733.45 1 1
github.com/kubestellar/hive/v2/pkg/hub/saas.go:1733.45,1736.3 2 1
github.com/kubestellar/hive/v2/pkg/hub/saas.go:1738.2,1742.21 3 1
github.com/kubestellar/hive/v2/pkg/hub/saas.go:1742.21,1744.3 1 1
github.com/kubestellar/hive/v2/pkg/hub/saas.go:1746.2,1747.19 2 1
github.com/kubestellar/hive/v2/pkg/hub/saas.go:1747.19,1750.3 2 0
github.com/kubestellar/hive/v2/pkg/hub/saas.go:1751.2,1775.40 3 1
github.com/kubestellar/hive/v2/pkg/hub/saas.go:1775.40,1778.3 2 0
github.com/kubestellar/hive/v2/pkg/hub/saas.go:1780.2,1784.12 4 1
github.com/kubestellar/hive/v2/pkg/hub/saas.go:1784.12,1787.21 3 1
github.com/kubestellar/hive/v2/pkg/hub/saas.go:1787.21,1793.4 5 0
github.com/kubestellar/hive/v2/pkg/hub/saas.go:1794.3,1794.67 1 1
github.com/kubestellar/hive/v2/pkg/hub/saas.go:1794.67,1800.4 5 0
github.com/kubestellar/hive/v2/pkg/hub/saas.go:1801.3,1802.18 2 1
github.com/kubestellar/hive/v2/pkg/hub/saas.go:1805.2,1810.4 2 1
github.com/kubestellar/hive/v2/pkg/hub/saas.go:1813.78,1817.14 4 1
github.com/kubestellar/hive/v2/pkg/hub/saas.go:1817.14,1820.3 2 1
github.com/kubestellar/hive/v2/pkg/hub/saas.go:1821.2,1822.17 2 1
github.com/kubestellar/hive/v2/pkg/hub/saas.go:1822.17,1825.3 2 0
github.com/kubestellar/hive/v2/pkg/hub/saas.go:1826.2,1826.57 1 1
github.com/kubestellar/hive/v2/pkg/hub/saas.go:1826.57,1827.49 1 1
github.com/kubestellar/hive/v2/pkg/hub/saas.go:1827.49,1830.4 2 1
github.com/kubestellar/hive/v2/pkg/hub/saas.go:1832.2,1833.30 2 1
github.com/kubestellar/hive/v2/pkg/hub/saas.go:1846.76,1848.61 2 1
github.com/kubestellar/hive/v2/pkg/hub/saas.go:1848.61,1851.3 2 1
github.com/kubestellar/hive/v2/pkg/hub/saas.go:1858.2,1858.29 1 1
github.com/kubestellar/hive/v2/pkg/hub/saas.go:1858.29,1861.3 2 0
github.com/kubestellar/hive/v2/pkg/hub/saas.go:1862.2,1863.20 2 1
github.com/kubestellar/hive/v2/pkg/hub/saas.go:1863.20,1871.3 3 1
github.com/kubestellar/hive/v2/pkg/hub/saas.go:1875.2,1877.34 3 1
github.com/kubestellar/hive/v2/pkg/hub/saas.go:1877.34,1878.35 1 0
github.com/kubestellar/hive/v2/pkg/hub/saas.go:1878.35,1880.9 2 0
github.com/kubestellar/hive/v2/pkg/hub/saas.go:1883.2,1884.88 2 1
github.com/kubestellar/hive/v2/pkg/hub/saas.go:1884.88,1886.3 1 1
github.com/kubestellar/hive/v2/pkg/hub/saas.go:1887.2,1887.16 1 1
github.com/kubestellar/hive/v2/pkg/hub/saas.go:1887.16,1890.3 2 1
github.com/kubestellar/hive/v2/pkg/hub/saas.go:1891.2,1897.34 3 1
github.com/kubestellar/hive/v2/pkg/hub/saas.go:1897.34,1899.3 1 1
github.com/kubestellar/hive/v2/pkg/hub/saas.go:1899.8,1901.18 2 1
github.com/kubestellar/hive/v2/pkg/hub/saas.go:1901.18,1904.4 2 0
github.com/kubestellar/hive/v2/pkg/hub/saas.go:1905.3,1905.61 1 1
github.com/kubestellar/hive/v2/pkg/hub/saas.go:1905.61,1907.4 1 0
github.com/kubestellar/hive/v2/pkg/hub/saas.go:1907.9,1907.41 1 1
github.com/kubestellar/hive/v2/pkg/hub/saas.go:1907.41,1909.4 1 0
github.com/kubestellar/hive/v2/pkg/hub/saas.go:1909.9,1912.4 2 1
github.com/kubestellar/hive/v2/pkg/hub/saas.go:1917.2,1917.23 1 1
github.com/kubestellar/hive/v2/pkg/hub/saas.go:1917.23,1918.82 1 1
github.com/kubestellar/hive/v2/pkg/hub/saas.go:1918.82,1921.4 2 1
github.com/kubestellar/hive/v2/pkg/hub/saas.go:1923.2,1923.52 1 1
github.com/kubestellar/hive/v2/pkg/hub/saas.go:1926.78,1929.61 3 1
github.com/kubestellar/hive/v2/pkg/hub/saas.go:1929.61,1932.3 2 1
github.com/kubestellar/hive/v2/pkg/hub/saas.go:1934.2,1935.14 2 1
github.com/kubestellar/hive/v2/pkg/hub/saas.go:1935.14,1942.3 4 1
github.com/kubestellar/hive/v2/pkg/hub/saas.go:1943.2,1943.57 1 1
github.com/kubestellar/hive/v2/pkg/hub/saas.go:1943.57,1946.3 2 1
github.com/kubestellar/hive/v2/pkg/hub/saas.go:1949.2,1950.20 2 1
github.com/kubestellar/hive/v2/pkg/hub/saas.go:1950.20,1954.3 3 1
github.com/kubestellar/hive/v2/pkg/hub/saas.go:1955.2,1960.41 5 1
github.com/kubestellar/hive/v2/pkg/hub/saas.go:1971.79,1974.61 3 1
github.com/kubestellar/hive/v2/pkg/hub/saas.go:1974.61,1977.3 2 1
github.com/kubestellar/hive/v2/pkg/hub/saas.go:1979.2,1980.14 2 1
github.com/kubestellar/hive/v2/pkg/hub/saas.go:1980.14,1983.3 2 1
github.com/kubestellar/hive/v2/pkg/hub/saas.go:1984.2,1984.57 1 1
github.com/kubestellar/hive/v2/pkg/hub/saas.go:1984.57,1987.3 2 0
github.com/kubestellar/hive/v2/pkg/hub/saas.go:1990.2,1990.38 1 1
github.com/kubestellar/hive/v2/pkg/hub/saas.go:1990.38,1993.3 2 1
github.com/kubestellar/hive/v2/pkg/hub/saas.go:1995.2,1997.61 3 1
github.com/kubestellar/hive/v2/pkg/hub/saas.go:1997.61,2000.3 2 0
github.com/kubestellar/hive/v2/pkg/hub/saas.go:2002.2,2002.31 1 1
github.com/kubestellar/hive/v2/pkg/hub/saas.go:2002.31,2005.3 2 1
github.com/kubestellar/hive/v2/pkg/hub/saas.go:2008.2,2009.9 2 1
github.com/kubestellar/hive/v2/pkg/hub/saas.go:2009.9,2012.3 2 1
github.com/kubestellar/hive/v2/pkg/hub/saas.go:2015.2,2016.45 2 1
github.com/kubestellar/hive/v2/pkg/hub/saas.go:2016.45,2019.3 2 1
github.com/kubestellar/hive/v2/pkg/hub/saas.go:2021.2,2022.9 2 1
github.com/kubestellar/hive/v2/pkg/hub/saas.go:2022.9,2025.3 2 0
github.com/kubestellar/hive/v2/pkg/hub/saas.go:2028.2,2032.40 5 1
github.com/kubestellar/hive/v2/pkg/hub/saas.go:2032.40,2035.3 2 0
github.com/kubestellar/hive/v2/pkg/hub/saas.go:2037.2,2044.12 3 1
github.com/kubestellar/hive/v2/pkg/hub/saas.go:2044.12,2047.3 2 1
github.com/kubestellar/hive/v2/pkg/hub/saas.go:2049.2,2054.4 2 1
github.com/kubestellar/hive/v2/pkg/hub/saas.go:2059.30,2061.16 2 1
github.com/kubestellar/hive/v2/pkg/hub/saas.go:2061.16,2063.3 1 1
github.com/kubestellar/hive/v2/pkg/hub/saas.go:2064.2,2064.50 1 1
github.com/kubestellar/hive/v2/pkg/hub/saas.go:2067.82,2071.62 2 1
github.com/kubestellar/hive/v2/pkg/hub/saas.go:2071.62,2074.3 2 1
github.com/kubestellar/hive/v2/pkg/hub/saas.go:2075.2,2076.22 2 1
github.com/kubestellar/hive/v2/pkg/hub/saas.go:2076.22,2078.3 1 1
github.com/kubestellar/hive/v2/pkg/hub/saas.go:2079.2,2083.22 3 1
github.com/kubestellar/hive/v2/pkg/hub/saas.go:2083.22,2085.62 2 1
github.com/kubestellar/hive/v2/pkg/hub/saas.go:2085.62,2089.55 2 0
github.com/kubestellar/hive/v2/pkg/hub/saas.go:2089.55,2091.5 1 0
github.com/kubestellar/hive/v2/pkg/hub/saas.go:2095.2,2096.67 2 1
github.com/kubestellar/hive/v2/pkg/hub/saas.go:2109.55,2110.15 1 1
github.com/kubestellar/hive/v2/pkg/hub/saas.go:2110.15,2112.3 1 1
github.com/kubestellar/hive/v2/pkg/hub/saas.go:2113.2,2113.36 1 1
github.com/kubestellar/hive/v2/pkg/hub/saas.go:2113.36,2115.3 1 1
github.com/kubestellar/hive/v2/pkg/hub/saas.go:2116.2,2119.50 3 1
github.com/kubestellar/hive/v2/pkg/hub/saas.go:2119.50,2121.3 1 1
github.com/kubestellar/hive/v2/pkg/hub/saas.go:2122.2,2126.12 5 1
github.com/kubestellar/hive/v2/pkg/hub/saas.go:2141.46,2146.18 2 1
github.com/kubestellar/hive/v2/pkg/hub/saas.go:2146.18,2148.3 1 1
github.com/kubestellar/hive/v2/pkg/hub/saas.go:2149.2,2149.38 1 1
github.com/kubestellar/hive/v2/pkg/hub/saas.go:2149.38,2151.3 1 1
github.com/kubestellar/hive/v2/pkg/hub/saas.go:2152.2,2156.14 4 1
github.com/kubestellar/hive/v2/pkg/hub/saas.go:2156.14,2158.3 1 1
github.com/kubestellar/hive/v2/pkg/hub/saas.go:2159.2,2159.24 1 1
github.com/kubestellar/hive/v2/pkg/hub/saas.go:2159.24,2161.3 1 1
github.com/kubestellar/hive/v2/pkg/hub/saas.go:2162.2,2162.17 1 1
github.com/kubestellar/hive/v2/pkg/hub/saas.go:2165.82,2169.50 4 1
github.com/kubestellar/hive/v2/pkg/hub/saas.go:2169.50,2173.3 3 1
github.com/kubestellar/hive/v2/pkg/hub/saas.go:2174.2,2175.43 2 1
github.com/kubestellar/hive/v2/pkg/hub/saas.go:2178.79,2180.29 2 1
github.com/kubestellar/hive/v2/pkg/hub/saas.go:2180.29,2185.3 4 1
github.com/kubestellar/hive/v2/pkg/hub/saas.go:2186.2,2186.27 1 1
github.com/kubestellar/hive/v2/pkg/hub/saas.go:2186.27,2189.3 2 1
github.com/kubestellar/hive/v2/pkg/hub/saas.go:2190.2,2193.14 4 1
github.com/kubestellar/hive/v2/pkg/hub/saas.go:2193.14,2196.3 2 1
github.com/kubestellar/hive/v2/pkg/hub/saas.go:2197.2,2197.57 1 1
github.com/kubestellar/hive/v2/pkg/hub/saas.go:2197.57,2200.3 2 0
github.com/kubestellar/hive/v2/pkg/hub/saas.go:2201.2,2202.20 2 1
github.com/kubestellar/hive/v2/pkg/hub/saas.go:2202.20,2205.3 2 1
github.com/kubestellar/hive/v2/pkg/hub/saas.go:2206.2,2209.16 4 1
github.com/kubestellar/hive/v2/pkg/hub/saas.go:2209.16,2213.3 3 1
github.com/kubestellar/hive/v2/pkg/hub/saas.go:2214.2,2216.34 3 1
github.com/kubestellar/hive/v2/pkg/hub/saas.go:2216.34,2217.35 1 1
github.com/kubestellar/hive/v2/pkg/hub/saas.go:2217.35,2219.20 2 1
github.com/kubestellar/hive/v2/pkg/hub/saas.go:2219.20,2221.5 1 0
github.com/kubestellar/hive/v2/pkg/hub/saas.go:2222.4,2226.9 5 1
github.com/kubestellar/hive/v2/pkg/hub/saas.go:2229.2,2231.43 3 1
github.com/kubestellar/hive/v2/pkg/hub/saas.go:2238.40,2240.2 1 1
github.com/kubestellar/hive/v2/pkg/hub/saas.go:2242.80,2244.29 2 1
github.com/kubestellar/hive/v2/pkg/hub/saas.go:2244.29,2249.3 4 0
github.com/kubestellar/hive/v2/pkg/hub/saas.go:2250.2,2250.27 1 1
github.com/kubestellar/hive/v2/pkg/hub/saas.go:2250.27,2253.3 2 0
github.com/kubestellar/hive/v2/pkg/hub/saas.go:2254.2,2257.14 4 1
github.com/kubestellar/hive/v2/pkg/hub/saas.go:2257.14,2260.3 2 1
github.com/kubestellar/hive/v2/pkg/hub/saas.go:2261.2,2261.57 1 1
github.com/kubestellar/hive/v2/pkg/hub/saas.go:2261.57,2264.3 2 0
github.com/kubestellar/hive/v2/pkg/hub/saas.go:2265.2,2268.83 2 1
github.com/kubestellar/hive/v2/pkg/hub/saas.go:2268.83,2271.3 2 1
github.com/kubestellar/hive/v2/pkg/hub/saas.go:2272.2,2273.42 2 1
github.com/kubestellar/hive/v2/pkg/hub/saas.go:2273.42,2274.23 1 1
github.com/kubestellar/hive/v2/pkg/hub/saas.go:2274.23,2276.9 2 1
github.com/kubestellar/hive/v2/pkg/hub/saas.go:2284.2,2284.18 1 1
github.com/kubestellar/hive/v2/pkg/hub/saas.go:2284.18,2286.47 2 1
github.com/kubestellar/hive/v2/pkg/hub/saas.go:2286.47,2288.4 1 0
github.com/kubestellar/hive/v2/pkg/hub/saas.go:2290.2,2290.18 1 1
github.com/kubestellar/hive/v2/pkg/hub/saas.go:2290.18,2293.3 2 1
github.com/kubestellar/hive/v2/pkg/hub/saas.go:2294.2,2295.20 2 1
github.com/kubestellar/hive/v2/pkg/hub/saas.go:2295.20,2298.3 2 0
github.com/kubestellar/hive/v2/pkg/hub/saas.go:2299.2,2306.16 6 1
github.com/kubestellar/hive/v2/pkg/hub/saas.go:2306.16,2317.35 4 1
github.com/kubestellar/hive/v2/pkg/hub/saas.go:2317.35,2318.36 1 1
github.com/kubestellar/hive/v2/pkg/hub/saas.go:2318.36,2322.10 4 1
github.com/kubestellar/hive/v2/pkg/hub/saas.go:2325.3,2329.9 5 1
github.com/kubestellar/hive/v2/pkg/hub/saas.go:2332.2,2334.23 3 1
github.com/kubestellar/hive/v2/pkg/hub/saas.go:2334.23,2336.3 1 0
github.com/kubestellar/hive/v2/pkg/hub/saas.go:2337.2,2339.34 3 1
github.com/kubestellar/hive/v2/pkg/hub/saas.go:2339.34,2340.35 1 1
github.com/kubestellar/hive/v2/pkg/hub/saas.go:2340.35,2344.9 4 1
github.com/kubestellar/hive/v2/pkg/hub/saas.go:2347.2,2353.4 3 1
github.com/kubestellar/hive/v2/pkg/hub/saas.go:2356.84,2358.29 2 1
github.com/kubestellar/hive/v2/pkg/hub/saas.go:2358.29,2363.3 4 1
github.com/kubestellar/hive/v2/pkg/hub/saas.go:2364.2,2364.27 1 1
github.com/kubestellar/hive/v2/pkg/hub/saas.go:2364.27,2367.3 2 1
github.com/kubestellar/hive/v2/pkg/hub/saas.go:2368.2,2372.14 4 1
github.com/kubestellar/hive/v2/pkg/hub/saas.go:2372.14,2375.3 2 1
github.com/kubestellar/hive/v2/pkg/hub/saas.go:2376.2,2376.57 1 1
github.com/kubestellar/hive/v2/pkg/hub/saas.go:2376.57,2379.3 2 1
github.com/kubestellar/hive/v2/pkg/hub/saas.go:2381.2,2384.62 2 1
github.com/kubestellar/hive/v2/pkg/hub/saas.go:2384.62,2387.3 2 1
github.com/kubestellar/hive/v2/pkg/hub/saas.go:2396.2,2397.40 2 1
github.com/kubestellar/hive/v2/pkg/hub/saas.go:2397.40,2400.3 2 0
github.com/kubestellar/hive/v2/pkg/hub/saas.go:2402.2,2403.39 2 1
github.com/kubestellar/hive/v2/pkg/hub/saas.go:2403.39,2404.19 1 0
github.com/kubestellar/hive/v2/pkg/hub/saas.go:2404.19,2406.9 2 0
github.com/kubestellar/hive/v2/pkg/hub/saas.go:2409.2,2416.61 5 1
github.com/kubestellar/hive/v2/pkg/hub/saas.go:2425.69,2432.16 7 1
github.com/kubestellar/hive/v2/pkg/hub/saas.go:2432.16,2435.3 2 0
github.com/kubestellar/hive/v2/pkg/hub/saas.go:2436.2,2439.16 4 1
github.com/kubestellar/hive/v2/pkg/hub/saas.go:2439.16,2442.3 2 1
github.com/kubestellar/hive/v2/pkg/hub/saas.go:2443.2,2444.43 2 0
github.com/kubestellar/hive/v2/pkg/hub/saas.go:2444.43,2447.3 2 0
github.com/kubestellar/hive/v2/pkg/hub/saas.go:2450.85,2452.29 2 1
github.com/kubestellar/hive/v2/pkg/hub/saas.go:2452.29,2457.3 4 1
github.com/kubestellar/hive/v2/pkg/hub/saas.go:2458.2,2458.27 1 1
github.com/kubestellar/hive/v2/pkg/hub/saas.go:2458.27,2461.3 2 1
github.com/kubestellar/hive/v2/pkg/hub/saas.go:2462.2,2465.14 4 1
github.com/kubestellar/hive/v2/pkg/hub/saas.go:2465.14,2471.35 3 1
github.com/kubestellar/hive/v2/pkg/hub/saas.go:2471.35,2472.36 1 1
github.com/kubestellar/hive/v2/pkg/hub/saas.go:2472.36,2474.10 2 1
github.com/kubestellar/hive/v2/pkg/hub/saas.go:2477.3,2478.22 2 1
github.com/kubestellar/hive/v2/pkg/hub/saas.go:2478.22,2483.4 4 1
github.com/kubestellar/hive/v2/pkg/hub/saas.go:2484.3,2489.4 1 1
github.com/kubestellar/hive/v2/pkg/hub/saas.go:2491.2,2491.57 1 1
github.com/kubestellar/hive/v2/pkg/hub/saas.go:2491.57,2496.3 4 1
github.com/kubestellar/hive/v2/pkg/hub/saas.go:2497.2,2500.62 2 1
github.com/kubestellar/hive/v2/pkg/hub/saas.go:2500.62,2505.3 4 1
github.com/kubestellar/hive/v2/pkg/hub/saas.go:2506.2,2507.40 2 1
github.com/kubestellar/hive/v2/pkg/hub/saas.go:2507.40,2512.3 4 1
github.com/kubestellar/hive/v2/pkg/hub/saas.go:2513.2,2518.22 2 1
github.com/kubestellar/hive/v2/pkg/hub/saas.go:2518.22,2521.40 3 1
github.com/kubestellar/hive/v2/pkg/hub/saas.go:2521.40,2522.20 1 1
github.com/kubestellar/hive/v2/pkg/hub/saas.go:2522.20,2525.10 3 1
github.com/kubestellar/hive/v2/pkg/hub/saas.go:2528.3,2529.19 2 1
github.com/kubestellar/hive/v2/pkg/hub/saas.go:2529.19,2531.4 1 1
github.com/kubestellar/hive/v2/pkg/hub/saas.go:2532.3,2533.80 2 1
github.com/kubestellar/hive/v2/pkg/hub/saas.go:2533.80,2536.36 3 1
github.com/kubestellar/hive/v2/pkg/hub/saas.go:2536.36,2537.37 1 1
github.com/kubestellar/hive/v2/pkg/hub/saas.go:2537.37,2541.11 4 1
github.com/kubestellar/hive/v2/pkg/hub/saas.go:2544.4,2546.26 3 1
github.com/kubestellar/hive/v2/pkg/hub/saas.go:2546.26,2549.53 3 0
github.com/kubestellar/hive/v2/pkg/hub/saas.go:2549.53,2551.6 1 0
github.com/kubestellar/hive/v2/pkg/hub/saas.go:2556.2,2557.67 2 1
github.com/kubestellar/hive/v2/pkg/hub/saas.go:2613.65,2616.2 2 0
github.com/kubestellar/hive/v2/pkg/hub/saas.go:2648.50,2651.24 3 1
github.com/kubestellar/hive/v2/pkg/hub/saas.go:2651.24,2652.26 1 1
github.com/kubestellar/hive/v2/pkg/hub/saas.go:2652.26,2655.4 2 1
github.com/kubestellar/hive/v2/pkg/hub/saas.go:2657.2,2657.36 1 1
github.com/kubestellar/hive/v2/pkg/hub/saas.go:2657.36,2659.3 1 1
github.com/kubestellar/hive/v2/pkg/hub/saas.go:2661.2,2662.37 2 1
github.com/kubestellar/hive/v2/pkg/hub/saas.go:2662.37,2664.3 1 1
github.com/kubestellar/hive/v2/pkg/hub/saas.go:2665.2,2669.46 2 1
github.com/kubestellar/hive/v2/pkg/hub/saas.go:2669.46,2671.3 1 1
github.com/kubestellar/hive/v2/pkg/hub/saas.go:2672.2,2672.12 1 1
github.com/kubestellar/hive/v2/pkg/hub/saas.go:2691.41,2693.86 2 1
github.com/kubestellar/hive/v2/pkg/hub/saas.go:2693.86,2697.3 3 1
github.com/kubestellar/hive/v2/pkg/hub/saas.go:2698.2,2711.45 6 1
github.com/kubestellar/hive/v2/pkg/hub/saas.go:2711.45,2713.3 1 1
github.com/kubestellar/hive/v2/pkg/hub/saas.go:2714.2,2715.19 2 1
github.com/kubestellar/hive/v2/pkg/hub/saas.go:2715.19,2717.35 2 1
github.com/kubestellar/hive/v2/pkg/hub/saas.go:2717.35,2718.28 1 1
github.com/kubestellar/hive/v2/pkg/hub/saas.go:2718.28,2720.5 1 1
github.com/kubestellar/hive/v2/pkg/hub/saas.go:2724.2,2728.17 5 1
github.com/kubestellar/hive/v2/pkg/hub/saas.go:2734.53,2738.54 4 1
github.com/kubestellar/hive/v2/pkg/hub/saas.go:2738.54,2742.17 4 1
github.com/kubestellar/hive/v2/pkg/hub/saas.go:2742.17,2744.4 1 0
github.com/kubestellar/hive/v2/pkg/hub/saas.go:2745.3,2751.56 5 1
github.com/kubestellar/hive/v2/pkg/hub/saas.go:2751.56,2753.4 1 1
github.com/kubestellar/hive/v2/pkg/hub/saas.go:2754.3,2754.26 1 1
github.com/kubestellar/hive/v2/pkg/hub/saas.go:2754.26,2756.4 1 1
github.com/kubestellar/hive/v2/pkg/hub/saas.go:2757.3,2757.29 1 1
github.com/kubestellar/hive/v2/pkg/hub/saas.go:2759.2,2759.14 1 1
github.com/kubestellar/hive/v2/pkg/hub/saas.go:2764.41,2765.48 1 1
github.com/kubestellar/hive/v2/pkg/hub/saas.go:2765.48,2766.44 1 1
github.com/kubestellar/hive/v2/pkg/hub/saas.go:2766.44,2767.12 1 1
github.com/kubestellar/hive/v2/pkg/hub/saas.go:2769.3,2769.82 1 1
github.com/kubestellar/hive/v2/pkg/hub/saas.go:2769.82,2771.4 1 1
github.com/kubestellar/hive/v2/pkg/hub/saas.go:2773.2,2773.11 1 1
github.com/kubestellar/hive/v2/pkg/hub/saas.go:2779.60,2781.16 2 1
github.com/kubestellar/hive/v2/pkg/hub/saas.go:2781.16,2783.3 1 0
github.com/kubestellar/hive/v2/pkg/hub/saas.go:2784.2,2788.69 3 1
github.com/kubestellar/hive/v2/pkg/hub/saas.go:2788.69,2790.3 1 1
github.com/kubestellar/hive/v2/pkg/hub/saas.go:2796.2,2799.55 4 1
github.com/kubestellar/hive/v2/pkg/hub/saas.go:2799.55,2803.17 4 1
github.com/kubestellar/hive/v2/pkg/hub/saas.go:2803.17,2804.9 1 0
github.com/kubestellar/hive/v2/pkg/hub/saas.go:2806.3,2812.59 5 1
github.com/kubestellar/hive/v2/pkg/hub/saas.go:2812.59,2813.9 1 0
github.com/kubestellar/hive/v2/pkg/hub/saas.go:2815.3,2815.31 1 1
github.com/kubestellar/hive/v2/pkg/hub/saas.go:2815.31,2816.39 1 1
github.com/kubestellar/hive/v2/pkg/hub/saas.go:2816.39,2818.5 1 1
github.com/kubestellar/hive/v2/pkg/hub/saas.go:2820.3,2820.27 1 1
github.com/kubestellar/hive/v2/pkg/hub/saas.go:2822.2,2823.27 2 1
github.com/kubestellar/hive/v2/pkg/hub/saas.go:2823.27,2825.3 1 1
github.com/kubestellar/hive/v2/pkg/hub/saas.go:2826.2,2826.17 1 1
github.com/kubestellar/hive/v2/pkg/hub/saas.go:2832.38,2833.48 1 1
github.com/kubestellar/hive/v2/pkg/hub/saas.go:2833.48,2834.44 1 1
github.com/kubestellar/hive/v2/pkg/hub/saas.go:2834.44,2835.12 1 1
github.com/kubestellar/hive/v2/pkg/hub/saas.go:2837.3,2839.43 3 1
github.com/kubestellar/hive/v2/pkg/hub/saas.go:2839.43,2841.4 1 0
github.com/kubestellar/hive/v2/pkg/hub/saas.go:2842.3,2843.32 2 1
github.com/kubestellar/hive/v2/pkg/hub/saas.go:2843.32,2845.4 1 1
github.com/kubestellar/hive/v2/pkg/hub/saas.go:2846.3,2846.11 1 0
github.com/kubestellar/hive/v2/pkg/hub/saas.go:2848.2,2848.11 1 1
github.com/kubestellar/hive/v2/pkg/hub/saas.go:2858.28,2860.2 1 1
github.com/kubestellar/hive/v2/pkg/hub/saas.go:2862.50,2866.2 3 1
github.com/kubestellar/hive/v2/pkg/hub/saas.go:2872.53,2876.2 3 1
github.com/kubestellar/hive/v2/pkg/hub/saas.go:2879.40,2883.38 4 1
github.com/kubestellar/hive/v2/pkg/hub/saas.go:2883.38,2885.3 1 1
github.com/kubestellar/hive/v2/pkg/hub/saas.go:2886.2,2886.11 1 1
github.com/kubestellar/hive/v2/pkg/hub/saas.go:2890.47,2894.38 4 1
github.com/kubestellar/hive/v2/pkg/hub/saas.go:2894.38,2896.3 1 1
github.com/kubestellar/hive/v2/pkg/hub/saas.go:2897.2,2897.11 1 1
github.com/kubestellar/hive/v2/pkg/hub/saas.go:2901.44,2905.35 4 1
github.com/kubestellar/hive/v2/pkg/hub/saas.go:2905.35,2907.3 1 1
github.com/kubestellar/hive/v2/pkg/hub/saas.go:2908.2,2908.11 1 1
github.com/kubestellar/hive/v2/pkg/hub/saas.go:2913.50,2917.2 3 1
github.com/kubestellar/hive/v2/pkg/hub/saas.go:2921.53,2924.53 3 1
github.com/kubestellar/hive/v2/pkg/hub/saas.go:2924.53,2926.3 1 1
github.com/kubestellar/hive/v2/pkg/hub/saas.go:2927.2,2928.15 2 1
github.com/kubestellar/hive/v2/pkg/hub/saas.go:2928.15,2930.3 1 1
github.com/kubestellar/hive/v2/pkg/hub/saas.go:2937.41,2941.38 4 1
github.com/kubestellar/hive/v2/pkg/hub/saas.go:2941.38,2943.3 1 1
github.com/kubestellar/hive/v2/pkg/hub/saas.go:2944.2,2944.36 1 1
github.com/kubestellar/hive/v2/pkg/hub/saas.go:2944.36,2945.18 1 1
github.com/kubestellar/hive/v2/pkg/hub/saas.go:2945.18,2947.4 1 1
github.com/kubestellar/hive/v2/pkg/hub/saas.go:2949.2,2949.11 1 1
github.com/kubestellar/hive/v2/pkg/hub/saas.go:2954.48,2958.38 4 1
github.com/kubestellar/hive/v2/pkg/hub/saas.go:2958.38,2960.3 1 1
github.com/kubestellar/hive/v2/pkg/hub/saas.go:2961.2,2961.36 1 1
github.com/kubestellar/hive/v2/pkg/hub/saas.go:2961.36,2962.18 1 1
github.com/kubestellar/hive/v2/pkg/hub/saas.go:2962.18,2964.4 1 1
github.com/kubestellar/hive/v2/pkg/hub/saas.go:2966.2,2966.11 1 1
github.com/kubestellar/hive/v2/pkg/hub/saas.go:2972.43,2976.35 4 1
github.com/kubestellar/hive/v2/pkg/hub/saas.go:2976.35,2978.3 1 1
github.com/kubestellar/hive/v2/pkg/hub/saas.go:2979.2,2979.36 1 1
github.com/kubestellar/hive/v2/pkg/hub/saas.go:2979.36,2980.41 1 1
github.com/kubestellar/hive/v2/pkg/hub/saas.go:2980.41,2982.4 1 1
github.com/kubestellar/hive/v2/pkg/hub/saas.go:2984.2,2984.11 1 1
github.com/kubestellar/hive/v2/pkg/hub/saas.go:2996.52,3000.38 4 1
github.com/kubestellar/hive/v2/pkg/hub/saas.go:3000.38,3002.3 1 1
github.com/kubestellar/hive/v2/pkg/hub/saas.go:3003.2,3003.11 1 1
github.com/kubestellar/hive/v2/pkg/hub/saas.go:3010.64,3012.16 2 1
github.com/kubestellar/hive/v2/pkg/hub/saas.go:3012.16,3014.3 1 1
github.com/kubestellar/hive/v2/pkg/hub/saas.go:3015.2,3016.57 2 1
github.com/kubestellar/hive/v2/pkg/hub/saas.go:3016.57,3019.3 2 1
github.com/kubestellar/hive/v2/pkg/hub/saas.go:3020.2,3022.34 3 1
github.com/kubestellar/hive/v2/pkg/hub/saas.go:3022.34,3024.28 2 1
github.com/kubestellar/hive/v2/pkg/hub/saas.go:3024.28,3025.12 1 1
github.com/kubestellar/hive/v2/pkg/hub/saas.go:3027.3,3027.53 1 1
github.com/kubestellar/hive/v2/pkg/hub/saas.go:3027.53,3028.12 1 1
github.com/kubestellar/hive/v2/pkg/hub/saas.go:3030.3,3031.25 2 1
github.com/kubestellar/hive/v2/pkg/hub/saas.go:3031.25,3033.4 1 1
github.com/kubestellar/hive/v2/pkg/hub/saas.go:3034.3,3034.96 1 1
github.com/kubestellar/hive/v2/pkg/hub/saas.go:3040.45,3042.24 2 1
github.com/kubestellar/hive/v2/pkg/hub/saas.go:3042.24,3044.3 1 1
github.com/kubestellar/hive/v2/pkg/hub/saas.go:3045.2,3046.16 2 1
github.com/kubestellar/hive/v2/pkg/hub/saas.go:3046.16,3049.3 2 0
github.com/kubestellar/hive/v2/pkg/hub/saas.go:3050.2,3052.59 3 1
github.com/kubestellar/hive/v2/pkg/hub/saas.go:3052.59,3055.3 2 1
github.com/kubestellar/hive/v2/pkg/hub/saas.go:3056.2,3056.59 1 1
github.com/kubestellar/hive/v2/pkg/hub/saas.go:3056.59,3058.3 1 0
github.com/kubestellar/hive/v2/pkg/hub/saas.go:3066.63,3071.62 4 1
github.com/kubestellar/hive/v2/pkg/hub/saas.go:3071.62,3073.3 1 1
github.com/kubestellar/hive/v2/pkg/hub/saas.go:3075.2,3078.6 4 1
github.com/kubestellar/hive/v2/pkg/hub/saas.go:3078.6,3079.10 1 1
github.com/kubestellar/hive/v2/pkg/hub/saas.go:3080.21,3081.10 1 1
github.com/kubestellar/hive/v2/pkg/hub/saas.go:3082.19,3082.19 0 0
github.com/kubestellar/hive/v2/pkg/hub/saas.go:3084.3,3090.50 5 0
github.com/kubestellar/hive/v2/pkg/hub/saas.go:3090.50,3092.4 1 0
github.com/kubestellar/hive/v2/pkg/hub/saas.go:3094.3,3096.36 3 0
github.com/kubestellar/hive/v2/pkg/hub/saas.go:3096.36,3097.43 1 0
github.com/kubestellar/hive/v2/pkg/hub/saas.go:3097.43,3099.10 2 0
github.com/kubestellar/hive/v2/pkg/hub/saas.go:3102.3,3119.103 6 0
github.com/kubestellar/hive/v2/pkg/hub/saas.go:3119.103,3125.58 2 0
github.com/kubestellar/hive/v2/pkg/hub/saas.go:3125.58,3127.5 1 0
github.com/kubestellar/hive/v2/pkg/hub/saas.go:3135.71,3136.21 1 1
github.com/kubestellar/hive/v2/pkg/hub/saas.go:3136.21,3138.3 1 0
github.com/kubestellar/hive/v2/pkg/hub/saas.go:3139.2,3142.39 4 1
github.com/kubestellar/hive/v2/pkg/hub/saas.go:3147.62,3148.21 1 1
github.com/kubestellar/hive/v2/pkg/hub/saas.go:3148.21,3150.3 1 0
github.com/kubestellar/hive/v2/pkg/hub/saas.go:3151.2,3153.78 3 1
github.com/kubestellar/hive/v2/pkg/hub/saas.go:3158.60,3159.21 1 1
github.com/kubestellar/hive/v2/pkg/hub/saas.go:3159.21,3161.3 1 0
github.com/kubestellar/hive/v2/pkg/hub/saas.go:3162.2,3164.46 3 1
github.com/kubestellar/hive/v2/pkg/hub/saas.go:3173.84,3174.46 1 1
github.com/kubestellar/hive/v2/pkg/hub/saas.go:3174.46,3178.3 2 0
github.com/kubestellar/hive/v2/pkg/hub/saas.go:3179.2,3184.16 6 1
github.com/kubestellar/hive/v2/pkg/hub/saas.go:3184.16,3190.3 3 1
github.com/kubestellar/hive/v2/pkg/hub/saas.go:3191.2,3192.13 2 1
github.com/kubestellar/hive/v2/pkg/hub/saas.go:3195.43,3197.26 2 1
github.com/kubestellar/hive/v2/pkg/hub/saas.go:3197.26,3198.21 1 1
github.com/kubestellar/hive/v2/pkg/hub/saas.go:3198.21,3199.12 1 0
github.com/kubestellar/hive/v2/pkg/hub/saas.go:3203.3,3203.56 1 1
github.com/kubestellar/hive/v2/pkg/hub/saas.go:3203.56,3204.12 1 1
github.com/kubestellar/hive/v2/pkg/hub/saas.go:3206.3,3210.40 5 1
github.com/kubestellar/hive/v2/pkg/hub/saas.go:3210.40,3211.22 1 1
github.com/kubestellar/hive/v2/pkg/hub/saas.go:3211.22,3217.10 6 1
github.com/kubestellar/hive/v2/pkg/hub/saas.go:3220.3,3221.23 2 1
github.com/kubestellar/hive/v2/pkg/hub/saas.go:3221.23,3222.20 1 1
github.com/kubestellar/hive/v2/pkg/hub/saas.go:3222.20,3224.5 1 0
github.com/kubestellar/hive/v2/pkg/hub/saas.go:3225.4,3231.15 3 1
github.com/kubestellar/hive/v2/pkg/hub/saas.go:3231.15,3248.54 3 1
github.com/kubestellar/hive/v2/pkg/hub/saas.go:3248.54,3253.6 2 1
github.com/kubestellar/hive/v2/pkg/hub/saas.go:3253.11,3257.6 1 1
github.com/kubestellar/hive/v2/pkg/hub/saas.go:3258.5,3258.28 1 1
github.com/kubestellar/hive/v2/pkg/hub/saas.go:3258.28,3260.38 2 1
github.com/kubestellar/hive/v2/pkg/hub/saas.go:3260.38,3261.41 1 1
github.com/kubestellar/hive/v2/pkg/hub/saas.go:3261.41,3264.13 3 1
github.com/kubestellar/hive/v2/pkg/hub/saas.go:3267.6,3270.54 4 1
github.com/kubestellar/hive/v2/pkg/hub/saas.go:3270.54,3278.7 1 1
github.com/kubestellar/hive/v2/pkg/hub/saas.go:3279.6,3279.14 1 1
github.com/kubestellar/hive/v2/pkg/hub/saas.go:3285.4,3286.52 2 1
github.com/kubestellar/hive/v2/pkg/hub/saas.go:3286.52,3287.28 1 1
github.com/kubestellar/hive/v2/pkg/hub/saas.go:3287.28,3291.6 3 1
github.com/kubestellar/hive/v2/pkg/hub/saas.go:3293.4,3295.12 2 1
github.com/kubestellar/hive/v2/pkg/hub/saas.go:3297.3,3297.19 1 1
github.com/kubestellar/hive/v2/pkg/hub/saas.go:3297.19,3299.4 1 0
github.com/kubestellar/hive/v2/pkg/hub/saas.go:3300.3,3300.23 1 1
github.com/kubestellar/hive/v2/pkg/hub/saas.go:3300.23,3301.12 1 0
github.com/kubestellar/hive/v2/pkg/hub/saas.go:3303.3,3304.59 2 1
github.com/kubestellar/hive/v2/pkg/hub/saas.go:3304.59,3305.12 1 1
github.com/kubestellar/hive/v2/pkg/hub/saas.go:3307.3,3308.25 2 1
github.com/kubestellar/hive/v2/pkg/hub/saas.go:3308.25,3310.12 2 1
github.com/kubestellar/hive/v2/pkg/hub/saas.go:3312.3,3314.35 3 1
github.com/kubestellar/hive/v2/pkg/hub/saas.go:3314.35,3315.38 1 1
github.com/kubestellar/hive/v2/pkg/hub/saas.go:3315.38,3319.10 4 1
github.com/kubestellar/hive/v2/pkg/hub/saas.go:3322.3,3323.47 2 1
github.com/kubestellar/hive/v2/pkg/hub/saas.go:3323.47,3331.4 3 1
github.com/kubestellar/hive/v2/pkg/hub/saas.go:3335.65,3336.34 1 1
github.com/kubestellar/hive/v2/pkg/hub/saas.go:3336.34,3338.3 1 1
github.com/kubestellar/hive/v2/pkg/hub/saas.go:3341.57,3349.16 7 1
github.com/kubestellar/hive/v2/pkg/hub/saas.go:3349.16,3352.3 2 0
github.com/kubestellar/hive/v2/pkg/hub/saas.go:3353.2,3354.38 2 1
github.com/kubestellar/hive/v2/pkg/hub/saas.go:3354.38,3359.3 3 1
github.com/kubestellar/hive/v2/pkg/hub/saas.go:3360.2,3368.73 2 1
github.com/kubestellar/hive/v2/pkg/hub/saas.go:3368.73,3371.3 2 0
github.com/kubestellar/hive/v2/pkg/hub/saas.go:3372.2,3372.51 1 1
github.com/kubestellar/hive/v2/pkg/hub/saas.go:3372.51,3375.3 2 0
github.com/kubestellar/hive/v2/pkg/hub/saas.go:3376.2,3379.53 3 1
github.com/kubestellar/hive/v2/pkg/hub/saas.go:3379.53,3381.3 1 1
github.com/kubestellar/hive/v2/pkg/hub/saas.go:3387.2,3394.60 3 1
github.com/kubestellar/hive/v2/pkg/hub/saas.go:3394.60,3399.3 4 1
github.com/kubestellar/hive/v2/pkg/hub/saas.go:3401.2,3401.51 1 1
github.com/kubestellar/hive/v2/pkg/hub/saas.go:3401.51,3405.3 2 0
github.com/kubestellar/hive/v2/pkg/hub/saas.go:3407.2,3407.64 1 1
github.com/kubestellar/hive/v2/pkg/hub/saas.go:3407.64,3410.22 1 1
github.com/kubestellar/hive/v2/pkg/hub/saas.go:3410.22,3412.4 1 0
github.com/kubestellar/hive/v2/pkg/hub/saas.go:3413.3,3419.9 7 1
github.com/kubestellar/hive/v2/pkg/hub/saas.go:3424.2,3425.18 2 1
github.com/kubestellar/hive/v2/pkg/hub/saas.go:3425.18,3430.64 2 0
github.com/kubestellar/hive/v2/pkg/hub/saas.go:3430.64,3432.4 1 0
github.com/kubestellar/hive/v2/pkg/hub/saas.go:3434.2,3434.36 1 1
github.com/kubestellar/hive/v2/pkg/hub/saas.go:3434.36,3436.3 1 0
github.com/kubestellar/hive/v2/pkg/hub/saas.go:3437.2,3438.121 2 1
github.com/kubestellar/hive/v2/pkg/hub/saas.go:3450.93,3455.16 5 1
github.com/kubestellar/hive/v2/pkg/hub/saas.go:3455.16,3458.3 2 1
github.com/kubestellar/hive/v2/pkg/hub/saas.go:3459.2,3460.38 2 1
github.com/kubestellar/hive/v2/pkg/hub/saas.go:3460.38,3463.3 2 1
github.com/kubestellar/hive/v2/pkg/hub/saas.go:3464.2,3470.67 2 1
github.com/kubestellar/hive/v2/pkg/hub/saas.go:3470.67,3473.3 2 1
github.com/kubestellar/hive/v2/pkg/hub/saas.go:3474.2,3474.35 1 1
github.com/kubestellar/hive/v2/pkg/hub/saas.go:3474.35,3477.3 1 1
github.com/kubestellar/hive/v2/pkg/hub/saas.go:3478.2,3479.31 2 1
github.com/kubestellar/hive/v2/pkg/hub/saas.go:3479.31,3481.3 1 1
github.com/kubestellar/hive/v2/pkg/hub/saas.go:3482.2,3482.33 1 1
github.com/kubestellar/hive/v2/pkg/hub/saas.go:3482.33,3486.3 1 1
github.com/kubestellar/hive/v2/pkg/hub/saas.go:3487.2,3487.26 1 1
github.com/kubestellar/hive/v2/pkg/hub/saas.go:3493.90,3498.16 5 1
github.com/kubestellar/hive/v2/pkg/hub/saas.go:3498.16,3500.3 1 1
github.com/kubestellar/hive/v2/pkg/hub/saas.go:3501.2,3502.38 2 1
github.com/kubestellar/hive/v2/pkg/hub/saas.go:3502.38,3505.3 2 1
github.com/kubestellar/hive/v2/pkg/hub/saas.go:3506.2,3511.67 2 1
github.com/kubestellar/hive/v2/pkg/hub/saas.go:3511.67,3513.3 1 0
github.com/kubestellar/hive/v2/pkg/hub/saas.go:3514.2,3515.47 2 1
github.com/kubestellar/hive/v2/pkg/hub/saas.go:3515.47,3517.3 1 1
github.com/kubestellar/hive/v2/pkg/hub/saas.go:3518.2,3518.12 1 1
github.com/kubestellar/hive/v2/pkg/hub/saas.go:3523.85,3527.42 4 1
github.com/kubestellar/hive/v2/pkg/hub/saas.go:3527.42,3529.3 1 1
github.com/kubestellar/hive/v2/pkg/hub/saas.go:3530.2,3531.15 2 1
github.com/kubestellar/hive/v2/pkg/hub/saas.go:3531.15,3533.3 1 0
github.com/kubestellar/hive/v2/pkg/hub/saas.go:3534.2,3539.103 6 1
github.com/kubestellar/hive/v2/pkg/hub/saas.go:3547.85,3550.16 2 1
github.com/kubestellar/hive/v2/pkg/hub/saas.go:3550.16,3553.3 2 1
github.com/kubestellar/hive/v2/pkg/hub/saas.go:3554.2,3558.69 3 1
github.com/kubestellar/hive/v2/pkg/hub/saas.go:3558.69,3560.3 1 1
github.com/kubestellar/hive/v2/pkg/hub/saas.go:3562.2,3567.16 6 1
github.com/kubestellar/hive/v2/pkg/hub/saas.go:3567.16,3569.3 1 0
github.com/kubestellar/hive/v2/pkg/hub/saas.go:3570.2,3571.41 2 1
github.com/kubestellar/hive/v2/pkg/hub/saas.go:3574.83,3578.37 4 1
github.com/kubestellar/hive/v2/pkg/hub/saas.go:3578.37,3579.45 1 1
github.com/kubestellar/hive/v2/pkg/hub/saas.go:3579.45,3581.9 2 1
github.com/kubestellar/hive/v2/pkg/hub/saas.go:3584.2,3585.19 2 1
github.com/kubestellar/hive/v2/pkg/hub/saas.go:3585.19,3588.3 2 1
github.com/kubestellar/hive/v2/pkg/hub/saas.go:3589.2,3593.16 5 1
github.com/kubestellar/hive/v2/pkg/hub/saas.go:3593.16,3597.3 3 0
github.com/kubestellar/hive/v2/pkg/hub/saas.go:3598.2,3602.15 5 1
github.com/kubestellar/hive/v2/pkg/hub/saas.go:3605.77,3608.2 2 1
github.com/kubestellar/hive/v2/pkg/hub/saas.go:3615.55,3617.14 2 1
github.com/kubestellar/hive/v2/pkg/hub/saas.go:3617.14,3619.3 1 1
github.com/kubestellar/hive/v2/pkg/hub/saas.go:3620.2,3622.19 3 1
github.com/kubestellar/hive/v2/pkg/hub/saas.go:3622.19,3625.3 2 1
github.com/kubestellar/hive/v2/pkg/hub/saas.go:3626.2,3626.39 1 1
github.com/kubestellar/hive/v2/pkg/hub/saas.go:3626.39,3628.36 2 1
github.com/kubestellar/hive/v2/pkg/hub/saas.go:3628.36,3629.12 1 0
github.com/kubestellar/hive/v2/pkg/hub/saas.go:3631.3,3631.46 1 1
github.com/kubestellar/hive/v2/pkg/hub/saas.go:3631.46,3632.12 1 1
github.com/kubestellar/hive/v2/pkg/hub/saas.go:3634.3,3635.49 2 1
github.com/kubestellar/hive/v2/pkg/hub/saas.go:3637.2,3637.12 1 1
github.com/kubestellar/hive/v2/pkg/hub/saas.go:3651.71,3653.26 2 1
github.com/kubestellar/hive/v2/pkg/hub/saas.go:3653.26,3654.38 1 1
github.com/kubestellar/hive/v2/pkg/hub/saas.go:3654.38,3656.4 1 1
github.com/kubestellar/hive/v2/pkg/hub/saas.go:3658.2,3658.41 1 1
github.com/kubestellar/hive/v2/pkg/hub/saas.go:3658.41,3661.65 1 1
github.com/kubestellar/hive/v2/pkg/hub/saas.go:3661.65,3663.4 1 1
github.com/kubestellar/hive/v2/pkg/hub/saas.go:3664.3,3664.49 1 1
github.com/kubestellar/hive/v2/pkg/hub/saas.go:3666.2,3666.15 1 1
github.com/kubestellar/hive/v2/pkg/hub/saas.go:3669.78,3673.14 4 1
github.com/kubestellar/hive/v2/pkg/hub/saas.go:3673.14,3676.3 2 1
github.com/kubestellar/hive/v2/pkg/hub/saas.go:3677.2,3677.57 1 1
github.com/kubestellar/hive/v2/pkg/hub/saas.go:3677.57,3680.3 2 0
github.com/kubestellar/hive/v2/pkg/hub/saas.go:3681.2,3683.61 3 1
github.com/kubestellar/hive/v2/pkg/hub/saas.go:3693.82,3698.11 3 0
github.com/kubestellar/hive/v2/pkg/hub/saas.go:3698.11,3699.37 1 0
github.com/kubestellar/hive/v2/pkg/hub/saas.go:3699.37,3700.27 1 0
github.com/kubestellar/hive/v2/pkg/hub/saas.go:3700.27,3702.10 2 0
github.com/kubestellar/hive/v2/pkg/hub/saas.go:3706.2,3706.11 1 0
github.com/kubestellar/hive/v2/pkg/hub/saas.go:3706.11,3709.3 2 0
github.com/kubestellar/hive/v2/pkg/hub/saas.go:3710.2,3711.39 2 0
github.com/kubestellar/hive/v2/pkg/hub/saas.go:3711.39,3712.29 1 0
github.com/kubestellar/hive/v2/pkg/hub/saas.go:3712.29,3714.4 1 0
github.com/kubestellar/hive/v2/pkg/hub/saas.go:3716.2,3718.59 3 0
github.com/kubestellar/hive/v2/pkg/hub/saas.go:3721.77,3725.14 4 1
github.com/kubestellar/hive/v2/pkg/hub/saas.go:3725.14,3728.3 2 1
github.com/kubestellar/hive/v2/pkg/hub/saas.go:3729.2,3729.57 1 1
github.com/kubestellar/hive/v2/pkg/hub/saas.go:3729.57,3732.3 2 0
github.com/kubestellar/hive/v2/pkg/hub/saas.go:3733.2,3737.104 2 1
github.com/kubestellar/hive/v2/pkg/hub/saas.go:3737.104,3740.3 2 1
github.com/kubestellar/hive/v2/pkg/hub/saas.go:3741.2,3741.78 1 1
github.com/kubestellar/hive/v2/pkg/hub/saas.go:3741.78,3744.3 2 1
github.com/kubestellar/hive/v2/pkg/hub/saas.go:3745.2,3750.67 6 1
github.com/kubestellar/hive/v2/pkg/hub/saas.go:3753.80,3758.14 5 1
github.com/kubestellar/hive/v2/pkg/hub/saas.go:3758.14,3761.3 2 1
github.com/kubestellar/hive/v2/pkg/hub/saas.go:3762.2,3762.57 1 1
github.com/kubestellar/hive/v2/pkg/hub/saas.go:3762.57,3765.3 2 0
github.com/kubestellar/hive/v2/pkg/hub/saas.go:3766.2,3767.19 2 1
github.com/kubestellar/hive/v2/pkg/hub/saas.go:3767.19,3770.3 2 1
github.com/kubestellar/hive/v2/pkg/hub/saas.go:3771.2,3771.37 1 1
github.com/kubestellar/hive/v2/pkg/hub/saas.go:3771.37,3773.40 2 1
github.com/kubestellar/hive/v2/pkg/hub/saas.go:3773.40,3774.34 1 1
github.com/kubestellar/hive/v2/pkg/hub/saas.go:3774.34,3776.5 1 1
github.com/kubestellar/hive/v2/pkg/hub/saas.go:3778.3,3778.22 1 1
github.com/kubestellar/hive/v2/pkg/hub/saas.go:3778.22,3781.4 2 1
github.com/kubestellar/hive/v2/pkg/hub/saas.go:3783.2,3787.67 5 1
github.com/kubestellar/hive/v2/pkg/hub/saas.go:3801.56,3802.103 1 1
github.com/kubestellar/hive/v2/pkg/hub/saas.go:3802.103,3804.3 1 1
github.com/kubestellar/hive/v2/pkg/hub/saas.go:3805.2,3807.16 3 1
github.com/kubestellar/hive/v2/pkg/hub/saas.go:3807.16,3809.3 1 1
github.com/kubestellar/hive/v2/pkg/hub/saas.go:3810.2,3812.13 3 1
github.com/kubestellar/hive/v2/pkg/hub/saas.go:3815.62,3816.103 1 1
github.com/kubestellar/hive/v2/pkg/hub/saas.go:3816.103,3819.3 2 1
github.com/kubestellar/hive/v2/pkg/hub/saas.go:3820.2,3823.16 4 1
github.com/kubestellar/hive/v2/pkg/hub/saas.go:3823.16,3826.3 2 0
github.com/kubestellar/hive/v2/pkg/hub/saas.go:3827.2,3829.59 3 1
github.com/kubestellar/hive/v2/pkg/hub/saas.go:3829.59,3832.3 2 1
github.com/kubestellar/hive/v2/pkg/hub/saas.go:3833.2,3833.49 1 1
github.com/kubestellar/hive/v2/pkg/hub/saas.go:3833.49,3835.3 1 0
github.com/kubestellar/hive/v2/pkg/hub/saas.go:3842.81,3847.14 4 1
github.com/kubestellar/hive/v2/pkg/hub/saas.go:3847.14,3850.3 2 1
github.com/kubestellar/hive/v2/pkg/hub/saas.go:3854.2,3861.16 4 1
github.com/kubestellar/hive/v2/pkg/hub/saas.go:3861.16,3864.3 2 1
github.com/kubestellar/hive/v2/pkg/hub/saas.go:3865.2,3865.41 1 1
github.com/kubestellar/hive/v2/pkg/hub/saas.go:3865.41,3867.3 1 0
github.com/kubestellar/hive/v2/pkg/hub/saas.go:3869.2,3870.17 2 1
github.com/kubestellar/hive/v2/pkg/hub/saas.go:3870.17,3871.38 1 1
github.com/kubestellar/hive/v2/pkg/hub/saas.go:3871.38,3874.4 2 1
github.com/kubestellar/hive/v2/pkg/hub/saas.go:3877.2,3878.27 2 1
github.com/kubestellar/hive/v2/pkg/hub/saas.go:3878.27,3879.58 1 1
github.com/kubestellar/hive/v2/pkg/hub/saas.go:3879.58,3882.4 2 1
github.com/kubestellar/hive/v2/pkg/hub/saas.go:3885.2,3895.69 5 1
github.com/kubestellar/hive/v2/pkg/hub/saas.go:3898.79,3903.14 4 1
github.com/kubestellar/hive/v2/pkg/hub/saas.go:3903.14,3906.3 2 1
github.com/kubestellar/hive/v2/pkg/hub/saas.go:3908.2,3909.17 2 1
github.com/kubestellar/hive/v2/pkg/hub/saas.go:3909.17,3912.3 2 0
github.com/kubestellar/hive/v2/pkg/hub/saas.go:3913.2,3914.77 2 1
github.com/kubestellar/hive/v2/pkg/hub/saas.go:3914.77,3917.3 2 1
github.com/kubestellar/hive/v2/pkg/hub/saas.go:3919.2,3921.27 3 1
github.com/kubestellar/hive/v2/pkg/hub/saas.go:3921.27,3922.30 1 1
github.com/kubestellar/hive/v2/pkg/hub/saas.go:3922.30,3924.4 1 1
github.com/kubestellar/hive/v2/pkg/hub/saas.go:3927.2,3928.64 2 1
github.com/kubestellar/hive/v2/pkg/hub/saas.go:3931.82,3937.14 5 1
github.com/kubestellar/hive/v2/pkg/hub/saas.go:3937.14,3940.3 2 1
github.com/kubestellar/hive/v2/pkg/hub/saas.go:3942.2,3943.25 2 1
github.com/kubestellar/hive/v2/pkg/hub/saas.go:3943.25,3946.3 2 0
github.com/kubestellar/hive/v2/pkg/hub/saas.go:3947.2,3948.93 2 1
github.com/kubestellar/hive/v2/pkg/hub/saas.go:3948.93,3951.3 2 0
github.com/kubestellar/hive/v2/pkg/hub/saas.go:3953.2,3957.21 3 1
github.com/kubestellar/hive/v2/pkg/hub/saas.go:3957.21,3959.3 1 0
github.com/kubestellar/hive/v2/pkg/hub/saas.go:3961.2,3962.83 2 1
github.com/kubestellar/hive/v2/pkg/hub/saas.go:3962.83,3965.3 2 1
github.com/kubestellar/hive/v2/pkg/hub/saas.go:3967.2,3972.22 5 1
github.com/kubestellar/hive/v2/pkg/hub/saas.go:3972.22,3973.72 1 1
github.com/kubestellar/hive/v2/pkg/hub/saas.go:3973.72,3975.4 1 1
github.com/kubestellar/hive/v2/pkg/hub/saas.go:3977.2,3981.68 4 1
github.com/kubestellar/hive/v2/pkg/hub/saas.go:3984.79,3990.14 5 1
github.com/kubestellar/hive/v2/pkg/hub/saas.go:3990.14,3993.3 2 1
github.com/kubestellar/hive/v2/pkg/hub/saas.go:3995.2,3996.23 2 1
github.com/kubestellar/hive/v2/pkg/hub/saas.go:3996.23,3999.3 2 0
github.com/kubestellar/hive/v2/pkg/hub/saas.go:4000.2,4001.87 2 1
github.com/kubestellar/hive/v2/pkg/hub/saas.go:4001.87,4004.3 2 0
github.com/kubestellar/hive/v2/pkg/hub/saas.go:4006.2,4007.22 2 1
github.com/kubestellar/hive/v2/pkg/hub/saas.go:4007.22,4008.72 1 1
github.com/kubestellar/hive/v2/pkg/hub/saas.go:4008.72,4010.4 1 1
github.com/kubestellar/hive/v2/pkg/hub/saas.go:4012.2,4016.66 4 1
github.com/kubestellar/hive/v2/pkg/hub/saas.go:4019.81,4025.14 5 1
github.com/kubestellar/hive/v2/pkg/hub/saas.go:4025.14,4028.3 2 1
github.com/kubestellar/hive/v2/pkg/hub/saas.go:4030.2,4031.25 2 1
github.com/kubestellar/hive/v2/pkg/hub/saas.go:4031.25,4034.3 2 0
github.com/kubestellar/hive/v2/pkg/hub/saas.go:4035.2,4036.61 2 1
github.com/kubestellar/hive/v2/pkg/hub/saas.go:4036.61,4039.3 2 1
github.com/kubestellar/hive/v2/pkg/hub/saas.go:4041.2,4043.22 3 1
github.com/kubestellar/hive/v2/pkg/hub/saas.go:4043.22,4044.72 1 1
github.com/kubestellar/hive/v2/pkg/hub/saas.go:4044.72,4047.4 2 1
github.com/kubestellar/hive/v2/pkg/hub/saas.go:4049.2,4049.12 1 1
github.com/kubestellar/hive/v2/pkg/hub/saas.go:4049.12,4052.3 2 1
github.com/kubestellar/hive/v2/pkg/hub/saas.go:4053.2,4062.32 8 1
github.com/kubestellar/hive/v2/pkg/hub/saas.go:4065.78,4071.14 5 1
github.com/kubestellar/hive/v2/pkg/hub/saas.go:4071.14,4074.3 2 1
github.com/kubestellar/hive/v2/pkg/hub/saas.go:4076.2,4077.23 2 1
github.com/kubestellar/hive/v2/pkg/hub/saas.go:4077.23,4080.3 2 0
github.com/kubestellar/hive/v2/pkg/hub/saas.go:4081.2,4082.57 2 1
github.com/kubestellar/hive/v2/pkg/hub/saas.go:4082.57,4085.3 2 1
github.com/kubestellar/hive/v2/pkg/hub/saas.go:4087.2,4088.22 2 1
github.com/kubestellar/hive/v2/pkg/hub/saas.go:4088.22,4089.72 1 1
github.com/kubestellar/hive/v2/pkg/hub/saas.go:4089.72,4091.4 1 1
github.com/kubestellar/hive/v2/pkg/hub/saas.go:4093.2,4097.32 4 1
github.com/kubestellar/hive/v2/pkg/hub/saas.go:4138.62,4139.109 1 1
github.com/kubestellar/hive/v2/pkg/hub/saas.go:4139.109,4141.3 1 1
github.com/kubestellar/hive/v2/pkg/hub/saas.go:4142.2,4144.16 3 1
github.com/kubestellar/hive/v2/pkg/hub/saas.go:4144.16,4146.3 1 1
github.com/kubestellar/hive/v2/pkg/hub/saas.go:4147.2,4148.38 2 1
github.com/kubestellar/hive/v2/pkg/hub/saas.go:4148.38,4150.3 1 0
github.com/kubestellar/hive/v2/pkg/hub/saas.go:4151.2,4151.12 1 1
github.com/kubestellar/hive/v2/pkg/hub/saas.go:4154.55,4157.16 3 1
github.com/kubestellar/hive/v2/pkg/hub/saas.go:4157.16,4159.3 1 0
github.com/kubestellar/hive/v2/pkg/hub/saas.go:4160.2,4162.59 3 1
github.com/kubestellar/hive/v2/pkg/hub/saas.go:4162.59,4164.3 1 1
github.com/kubestellar/hive/v2/pkg/hub/saas.go:4165.2,4165.33 1 1
github.com/kubestellar/hive/v2/pkg/hub/saas.go:4168.46,4169.109 1 1
github.com/kubestellar/hive/v2/pkg/hub/saas.go:4169.109,4171.3 1 1
github.com/kubestellar/hive/v2/pkg/hub/saas.go:4172.2,4172.66 1 1
github.com/kubestellar/hive/v2/pkg/hub/saas.go:4175.49,4178.16 3 1
github.com/kubestellar/hive/v2/pkg/hub/saas.go:4178.16,4180.3 1 1
github.com/kubestellar/hive/v2/pkg/hub/saas.go:4181.2,4182.28 2 1
github.com/kubestellar/hive/v2/pkg/hub/saas.go:4182.28,4183.44 1 1
github.com/kubestellar/hive/v2/pkg/hub/saas.go:4183.44,4184.12 1 0
github.com/kubestellar/hive/v2/pkg/hub/saas.go:4186.3,4191.16 3 1
github.com/kubestellar/hive/v2/pkg/hub/saas.go:4191.16,4193.4 1 1
github.com/kubestellar/hive/v2/pkg/hub/saas.go:4195.2,4195.15 1 1
github.com/kubestellar/hive/v2/pkg/hub/saas.go:4198.84,4200.20 2 1
github.com/kubestellar/hive/v2/pkg/hub/saas.go:4200.20,4203.3 2 1
github.com/kubestellar/hive/v2/pkg/hub/saas.go:4205.2,4206.66 2 1
github.com/kubestellar/hive/v2/pkg/hub/saas.go:4206.66,4209.3 2 0
github.com/kubestellar/hive/v2/pkg/hub/saas.go:4211.2,4220.62 3 1
github.com/kubestellar/hive/v2/pkg/hub/saas.go:4220.62,4223.3 2 1
github.com/kubestellar/hive/v2/pkg/hub/saas.go:4224.2,4224.40 1 1
github.com/kubestellar/hive/v2/pkg/hub/saas.go:4224.40,4227.3 2 1
github.com/kubestellar/hive/v2/pkg/hub/saas.go:4233.2,4235.18 3 1
github.com/kubestellar/hive/v2/pkg/hub/saas.go:4235.18,4237.3 1 0
github.com/kubestellar/hive/v2/pkg/hub/saas.go:4238.2,4240.55 2 1
github.com/kubestellar/hive/v2/pkg/hub/saas.go:4240.55,4241.44 1 1
github.com/kubestellar/hive/v2/pkg/hub/saas.go:4241.44,4243.5 1 1
github.com/kubestellar/hive/v2/pkg/hub/saas.go:4245.3,4246.56 2 1
github.com/kubestellar/hive/v2/pkg/hub/saas.go:4248.2,4248.28 1 1
github.com/kubestellar/hive/v2/pkg/hub/saas.go:4248.28,4251.3 2 1
github.com/kubestellar/hive/v2/pkg/hub/saas.go:4252.2,4252.60 1 1
github.com/kubestellar/hive/v2/pkg/hub/saas.go:4252.60,4255.3 2 0
github.com/kubestellar/hive/v2/pkg/hub/saas.go:4256.2,4256.54 1 1
github.com/kubestellar/hive/v2/pkg/hub/saas.go:4256.54,4257.47 1 1
github.com/kubestellar/hive/v2/pkg/hub/saas.go:4257.47,4260.4 2 1
github.com/kubestellar/hive/v2/pkg/hub/saas.go:4263.2,4266.48 4 1
github.com/kubestellar/hive/v2/pkg/hub/saas.go:4266.48,4268.3 1 1
github.com/kubestellar/hive/v2/pkg/hub/saas.go:4270.2,4271.23 2 1
github.com/kubestellar/hive/v2/pkg/hub/saas.go:4271.23,4273.21 2 1
github.com/kubestellar/hive/v2/pkg/hub/saas.go:4273.21,4275.4 1 1
github.com/kubestellar/hive/v2/pkg/hub/saas.go:4278.2,4289.49 2 1
github.com/kubestellar/hive/v2/pkg/hub/saas.go:4289.49,4292.3 2 1
github.com/kubestellar/hive/v2/pkg/hub/saas.go:4294.2,4296.89 3 1
github.com/kubestellar/hive/v2/pkg/hub/saas.go:4307.84,4312.54 4 1
github.com/kubestellar/hive/v2/pkg/hub/saas.go:4312.54,4315.3 2 1
github.com/kubestellar/hive/v2/pkg/hub/saas.go:4321.2,4323.19 3 1
github.com/kubestellar/hive/v2/pkg/hub/saas.go:4323.19,4327.87 2 1
github.com/kubestellar/hive/v2/pkg/hub/saas.go:4327.87,4330.4 2 0
github.com/kubestellar/hive/v2/pkg/hub/saas.go:4337.2,4339.18 3 1
github.com/kubestellar/hive/v2/pkg/hub/saas.go:4339.18,4343.112 1 1
github.com/kubestellar/hive/v2/pkg/hub/saas.go:4343.112,4346.4 2 1
github.com/kubestellar/hive/v2/pkg/hub/saas.go:4347.8,4349.3 1 1
github.com/kubestellar/hive/v2/pkg/hub/saas.go:4350.2,4350.18 1 1
github.com/kubestellar/hive/v2/pkg/hub/saas.go:4350.18,4353.3 2 1
github.com/kubestellar/hive/v2/pkg/hub/saas.go:4355.2,4356.45 2 1
github.com/kubestellar/hive/v2/pkg/hub/saas.go:4356.45,4360.3 2 0
github.com/kubestellar/hive/v2/pkg/hub/saas.go:4363.2,4364.52 2 1
github.com/kubestellar/hive/v2/pkg/hub/saas.go:4364.52,4365.49 1 1
github.com/kubestellar/hive/v2/pkg/hub/saas.go:4365.49,4367.4 1 1
github.com/kubestellar/hive/v2/pkg/hub/saas.go:4369.2,4370.41 2 1
github.com/kubestellar/hive/v2/pkg/hub/saas.go:4370.41,4372.3 1 1
github.com/kubestellar/hive/v2/pkg/hub/saas.go:4373.2,4374.15 2 1
github.com/kubestellar/hive/v2/pkg/hub/saas.go:4374.15,4376.3 1 1
github.com/kubestellar/hive/v2/pkg/hub/saas.go:4377.2,4377.60 1 1
github.com/kubestellar/hive/v2/pkg/hub/saas.go:4377.60,4379.3 1 0
github.com/kubestellar/hive/v2/pkg/hub/saas.go:4384.2,4391.40 8 1
github.com/kubestellar/hive/v2/pkg/hub/saas.go:4391.40,4394.3 2 0
github.com/kubestellar/hive/v2/pkg/hub/saas.go:4406.2,4407.17 2 1
github.com/kubestellar/hive/v2/pkg/hub/saas.go:4407.17,4409.3 1 1
github.com/kubestellar/hive/v2/pkg/hub/saas.go:4410.2,4410.23 1 1
github.com/kubestellar/hive/v2/pkg/hub/saas.go:4410.23,4412.3 1 0
github.com/kubestellar/hive/v2/pkg/hub/saas.go:4413.2,4415.43 3 1
github.com/kubestellar/hive/v2/pkg/hub/saas.go:4415.43,4417.3 1 0
github.com/kubestellar/hive/v2/pkg/hub/saas.go:4422.2,4426.49 5 1
github.com/kubestellar/hive/v2/pkg/hub/saas.go:4426.49,4428.3 1 0
github.com/kubestellar/hive/v2/pkg/hub/saas.go:4430.2,4438.4 3 1
github.com/kubestellar/hive/v2/pkg/hub/saas.go:4441.81,4446.54 4 1
github.com/kubestellar/hive/v2/pkg/hub/saas.go:4446.54,4449.3 2 1
github.com/kubestellar/hive/v2/pkg/hub/saas.go:4456.2,4460.19 3 1
github.com/kubestellar/hive/v2/pkg/hub/saas.go:4460.19,4463.3 2 1
github.com/kubestellar/hive/v2/pkg/hub/saas.go:4464.2,4468.49 5 1
github.com/kubestellar/hive/v2/pkg/hub/saas.go:4468.49,4470.3 1 0
github.com/kubestellar/hive/v2/pkg/hub/saas.go:4472.2,4474.55 3 1
github.com/kubestellar/hive/v2/pkg/hub/saas.go:4485.57,4486.101 1 1
github.com/kubestellar/hive/v2/pkg/hub/saas.go:4486.101,4488.3 1 1
github.com/kubestellar/hive/v2/pkg/hub/saas.go:4489.2,4489.25 1 1
github.com/kubestellar/hive/v2/pkg/hub/saas.go:4495.43,4496.23 1 1
github.com/kubestellar/hive/v2/pkg/hub/saas.go:4496.23,4498.3 1 1
github.com/kubestellar/hive/v2/pkg/hub/saas.go:4499.2,4499.20 1 1
github.com/kubestellar/hive/v2/pkg/hub/saas.go:4505.56,4506.36 1 1
github.com/kubestellar/hive/v2/pkg/hub/saas.go:4506.36,4507.34 1 1
github.com/kubestellar/hive/v2/pkg/hub/saas.go:4507.34,4508.12 1 1
github.com/kubestellar/hive/v2/pkg/hub/saas.go:4510.3,4510.34 1 1
github.com/kubestellar/hive/v2/pkg/hub/saas.go:4510.34,4511.12 1 0
github.com/kubestellar/hive/v2/pkg/hub/saas.go:4513.3,4513.40 1 1
github.com/kubestellar/hive/v2/pkg/hub/saas.go:4513.40,4514.12 1 1
github.com/kubestellar/hive/v2/pkg/hub/saas.go:4516.3,4516.14 1 1
github.com/kubestellar/hive/v2/pkg/hub/saas.go:4518.2,4518.11 1 1
github.com/kubestellar/hive/v2/pkg/hub/saas.go:4533.68,4535.36 2 1
github.com/kubestellar/hive/v2/pkg/hub/saas.go:4535.36,4536.34 1 1
github.com/kubestellar/hive/v2/pkg/hub/saas.go:4536.34,4537.12 1 1
github.com/kubestellar/hive/v2/pkg/hub/saas.go:4539.3,4539.34 1 1
github.com/kubestellar/hive/v2/pkg/hub/saas.go:4539.34,4540.12 1 0
github.com/kubestellar/hive/v2/pkg/hub/saas.go:4542.3,4543.36 2 1
github.com/kubestellar/hive/v2/pkg/hub/saas.go:4543.36,4544.12 1 1
github.com/kubestellar/hive/v2/pkg/hub/saas.go:4546.3,4550.5 1 1
github.com/kubestellar/hive/v2/pkg/hub/saas.go:4552.2,4552.15 1 1
github.com/kubestellar/hive/v2/pkg/hub/saas.go:4558.89,4561.25 3 1
github.com/kubestellar/hive/v2/pkg/hub/saas.go:4561.25,4563.3 1 1
github.com/kubestellar/hive/v2/pkg/hub/saas.go:4564.2,4565.73 2 1
github.com/kubestellar/hive/v2/pkg/hub/saas.go:4589.108,4591.45 2 1
github.com/kubestellar/hive/v2/pkg/hub/saas.go:4591.45,4593.3 1 1
github.com/kubestellar/hive/v2/pkg/hub/saas.go:4594.2,4598.39 3 1
github.com/kubestellar/hive/v2/pkg/hub/saas.go:4598.39,4601.3 2 1
github.com/kubestellar/hive/v2/pkg/hub/saas.go:4608.2,4611.23 4 1
github.com/kubestellar/hive/v2/pkg/hub/saas.go:4611.23,4612.49 1 1
github.com/kubestellar/hive/v2/pkg/hub/saas.go:4612.49,4615.4 2 1
github.com/kubestellar/hive/v2/pkg/hub/saas.go:4616.8,4617.50 1 1
github.com/kubestellar/hive/v2/pkg/hub/saas.go:4617.50,4620.4 2 0
github.com/kubestellar/hive/v2/pkg/hub/saas.go:4621.3,4621.61 1 1
github.com/kubestellar/hive/v2/pkg/hub/saas.go:4621.61,4624.4 2 1
github.com/kubestellar/hive/v2/pkg/hub/saas.go:4625.3,4625.66 1 1
github.com/kubestellar/hive/v2/pkg/hub/saas.go:4625.66,4628.4 2 1
github.com/kubestellar/hive/v2/pkg/hub/saas.go:4630.2,4630.14 1 1
github.com/kubestellar/hive/v2/pkg/hub/saas.go:4630.14,4632.3 1 1
github.com/kubestellar/hive/v2/pkg/hub/saas.go:4633.2,4633.40 1 1
github.com/kubestellar/hive/v2/pkg/hub/saas.go:4633.40,4637.3 2 0
github.com/kubestellar/hive/v2/pkg/hub/saas.go:4640.2,4641.34 2 1
github.com/kubestellar/hive/v2/pkg/hub/saas.go:4641.34,4642.39 1 0
github.com/kubestellar/hive/v2/pkg/hub/saas.go:4642.39,4647.9 5 0
github.com/kubestellar/hive/v2/pkg/hub/saas.go:4650.2,4653.50 2 1
github.com/kubestellar/hive/v2/pkg/hub/saas.go:4656.142,4658.14 2 1
github.com/kubestellar/hive/v2/pkg/hub/saas.go:4658.14,4660.3 1 1
github.com/kubestellar/hive/v2/pkg/hub/saas.go:4670.2,4670.33 1 1
github.com/kubestellar/hive/v2/pkg/hub/saas.go:4670.33,4672.3 1 1
github.com/kubestellar/hive/v2/pkg/hub/saas.go:4673.2,4674.39 2 1
github.com/kubestellar/hive/v2/pkg/hub/saas.go:4674.39,4676.3 1 0
github.com/kubestellar/hive/v2/pkg/hub/saas.go:4677.2,4678.20 2 1
github.com/kubestellar/hive/v2/pkg/hub/saas.go:4678.20,4681.3 1 1
github.com/kubestellar/hive/v2/pkg/hub/saas.go:4691.2,4704.72 5 1
github.com/kubestellar/hive/v2/pkg/hub/saas.go:4704.72,4705.36 1 1
github.com/kubestellar/hive/v2/pkg/hub/saas.go:4705.36,4707.9 2 1
github.com/kubestellar/hive/v2/pkg/hub/saas.go:4710.2,4710.55 1 1
github.com/kubestellar/hive/v2/pkg/hub/saas.go:4710.55,4712.3 1 1
github.com/kubestellar/hive/v2/pkg/hub/saas.go:4720.2,4721.28 2 1
github.com/kubestellar/hive/v2/pkg/hub/saas.go:4721.28,4722.43 1 1
github.com/kubestellar/hive/v2/pkg/hub/saas.go:4722.43,4724.4 1 1
github.com/kubestellar/hive/v2/pkg/hub/saas.go:4726.2,4726.25 1 1
github.com/kubestellar/hive/v2/pkg/hub/saas.go:4726.25,4728.3 1 0
github.com/kubestellar/hive/v2/pkg/hub/saas.go:4729.2,4730.23 2 1
github.com/kubestellar/hive/v2/pkg/hub/saas.go:4730.23,4732.3 1 0
github.com/kubestellar/hive/v2/pkg/hub/saas.go:4734.2,4749.3 1 1
github.com/kubestellar/hive/v2/pkg/hub/saas.go:4755.46,4756.22 1 1
github.com/kubestellar/hive/v2/pkg/hub/saas.go:4756.22,4758.3 1 1
github.com/kubestellar/hive/v2/pkg/hub/saas.go:4759.2,4759.19 1 1
github.com/kubestellar/hive/v2/pkg/hub/saas.go:4759.19,4760.37 1 1
github.com/kubestellar/hive/v2/pkg/hub/saas.go:4760.37,4762.4 1 1
github.com/kubestellar/hive/v2/pkg/hub/saas.go:4764.2,4764.13 1 1
github.com/kubestellar/hive/v2/pkg/hub/saas.go:4793.78,4794.42 1 1
github.com/kubestellar/hive/v2/pkg/hub/saas.go:4794.42,4797.3 2 1
github.com/kubestellar/hive/v2/pkg/hub/saas.go:4798.2,4805.62 5 1
github.com/kubestellar/hive/v2/pkg/hub/saas.go:4805.62,4808.3 2 1
github.com/kubestellar/hive/v2/pkg/hub/saas.go:4810.2,4811.14 2 1
github.com/kubestellar/hive/v2/pkg/hub/saas.go:4811.14,4814.3 2 1
github.com/kubestellar/hive/v2/pkg/hub/saas.go:4815.2,4815.33 1 1
github.com/kubestellar/hive/v2/pkg/hub/saas.go:4815.33,4818.3 2 1
github.com/kubestellar/hive/v2/pkg/hub/saas.go:4821.2,4821.50 1 1
github.com/kubestellar/hive/v2/pkg/hub/saas.go:4821.50,4824.3 2 1
github.com/kubestellar/hive/v2/pkg/hub/saas.go:4827.2,4827.48 1 1
github.com/kubestellar/hive/v2/pkg/hub/saas.go:4827.48,4829.39 2 1
github.com/kubestellar/hive/v2/pkg/hub/saas.go:4829.39,4831.4 1 0
github.com/kubestellar/hive/v2/pkg/hub/saas.go:4833.2,4833.46 1 1
github.com/kubestellar/hive/v2/pkg/hub/saas.go:4833.46,4836.3 2 1
github.com/kubestellar/hive/v2/pkg/hub/saas.go:4837.2,4837.60 1 1
github.com/kubestellar/hive/v2/pkg/hub/saas.go:4837.60,4840.3 2 0
github.com/kubestellar/hive/v2/pkg/hub/saas.go:4841.2,4841.22 1 1
github.com/kubestellar/hive/v2/pkg/hub/saas.go:4841.22,4844.3 2 1
github.com/kubestellar/hive/v2/pkg/hub/saas.go:4845.2,4847.52 2 1
github.com/kubestellar/hive/v2/pkg/hub/saas.go:4847.52,4848.43 1 1
github.com/kubestellar/hive/v2/pkg/hub/saas.go:4848.43,4850.5 1 1
github.com/kubestellar/hive/v2/pkg/hub/saas.go:4852.3,4853.29 2 1
github.com/kubestellar/hive/v2/pkg/hub/saas.go:4853.29,4855.4 1 1
github.com/kubestellar/hive/v2/pkg/hub/saas.go:4857.2,4858.54 2 1
github.com/kubestellar/hive/v2/pkg/hub/saas.go:4858.54,4860.17 2 1
github.com/kubestellar/hive/v2/pkg/hub/saas.go:4860.17,4861.12 1 0
github.com/kubestellar/hive/v2/pkg/hub/saas.go:4863.3,4863.28 1 1
github.com/kubestellar/hive/v2/pkg/hub/saas.go:4863.28,4866.4 2 1
github.com/kubestellar/hive/v2/pkg/hub/saas.go:4867.3,4867.30 1 1
github.com/kubestellar/hive/v2/pkg/hub/saas.go:4869.2,4869.21 1 1
github.com/kubestellar/hive/v2/pkg/hub/saas.go:4869.21,4872.3 2 0
github.com/kubestellar/hive/v2/pkg/hub/saas.go:4873.2,4874.23 2 1
github.com/kubestellar/hive/v2/pkg/hub/saas.go:4874.23,4876.3 1 1
github.com/kubestellar/hive/v2/pkg/hub/saas.go:4876.8,4876.41 1 1
github.com/kubestellar/hive/v2/pkg/hub/saas.go:4876.41,4879.3 2 1
github.com/kubestellar/hive/v2/pkg/hub/saas.go:4881.2,4882.15 2 1
github.com/kubestellar/hive/v2/pkg/hub/saas.go:4882.15,4884.3 1 1
github.com/kubestellar/hive/v2/pkg/hub/saas.go:4885.2,4885.60 1 1
github.com/kubestellar/hive/v2/pkg/hub/saas.go:4885.60,4888.3 2 1
github.com/kubestellar/hive/v2/pkg/hub/saas.go:4892.2,4896.27 3 1
github.com/kubestellar/hive/v2/pkg/hub/saas.go:4896.27,4898.3 1 0
github.com/kubestellar/hive/v2/pkg/hub/saas.go:4899.2,4901.28 3 1
github.com/kubestellar/hive/v2/pkg/hub/saas.go:4901.28,4903.3 1 1
github.com/kubestellar/hive/v2/pkg/hub/saas.go:4904.2,4918.23 6 1
github.com/kubestellar/hive/v2/pkg/hub/saas.go:4918.23,4919.77 1 1
github.com/kubestellar/hive/v2/pkg/hub/saas.go:4919.77,4931.80 2 1
github.com/kubestellar/hive/v2/pkg/hub/saas.go:4931.80,4935.5 1 1
github.com/kubestellar/hive/v2/pkg/hub/saas.go:4936.4,4936.41 1 1
github.com/kubestellar/hive/v2/pkg/hub/saas.go:4939.2,4939.40 1 1
github.com/kubestellar/hive/v2/pkg/hub/saas.go:4939.40,4942.3 2 0
github.com/kubestellar/hive/v2/pkg/hub/saas.go:4949.2,4950.21 2 1
github.com/kubestellar/hive/v2/pkg/hub/saas.go:4950.21,4952.3 1 1
github.com/kubestellar/hive/v2/pkg/hub/saas.go:4953.2,4953.27 1 1
github.com/kubestellar/hive/v2/pkg/hub/saas.go:4953.27,4955.3 1 0
github.com/kubestellar/hive/v2/pkg/hub/saas.go:4956.2,4956.39 1 1
github.com/kubestellar/hive/v2/pkg/hub/saas.go:4956.39,4959.48 3 1
github.com/kubestellar/hive/v2/pkg/hub/saas.go:4959.48,4961.4 1 0
github.com/kubestellar/hive/v2/pkg/hub/saas.go:4970.2,4971.98 2 1
github.com/kubestellar/hive/v2/pkg/hub/saas.go:4971.98,4974.33 3 1
github.com/kubestellar/hive/v2/pkg/hub/saas.go:4974.33,4977.4 2 1
github.com/kubestellar/hive/v2/pkg/hub/saas.go:4978.3,4978.78 1 1
github.com/kubestellar/hive/v2/pkg/hub/saas.go:4978.78,4981.4 2 1
github.com/kubestellar/hive/v2/pkg/hub/saas.go:4982.3,4987.22 2 1
github.com/kubestellar/hive/v2/pkg/hub/saas.go:4995.2,5013.4 3 1
github.com/kubestellar/hive/v2/pkg/hub/saas.go:5016.77,5021.106 2 1
github.com/kubestellar/hive/v2/pkg/hub/saas.go:5021.106,5024.3 2 1
github.com/kubestellar/hive/v2/pkg/hub/saas.go:5026.2,5027.65 2 1
github.com/kubestellar/hive/v2/pkg/hub/saas.go:5027.65,5030.3 2 1
github.com/kubestellar/hive/v2/pkg/hub/saas.go:5032.2,5033.17 2 1
github.com/kubestellar/hive/v2/pkg/hub/saas.go:5033.17,5036.3 2 1
github.com/kubestellar/hive/v2/pkg/hub/saas.go:5038.2,5038.43 1 1
github.com/kubestellar/hive/v2/pkg/hub/saas.go:5038.43,5041.3 2 1
github.com/kubestellar/hive/v2/pkg/hub/saas.go:5043.2,5043.31 1 1
github.com/kubestellar/hive/v2/pkg/hub/saas.go:5043.31,5046.3 2 1
github.com/kubestellar/hive/v2/pkg/hub/saas.go:5048.2,5049.16 2 1
github.com/kubestellar/hive/v2/pkg/hub/saas.go:5049.16,5053.3 3 0
github.com/kubestellar/hive/v2/pkg/hub/saas.go:5055.2,5057.62 3 1
github.com/kubestellar/hive/v2/pkg/hub/saas.go:5062.81,5064.18 2 1
github.com/kubestellar/hive/v2/pkg/hub/saas.go:5064.18,5067.3 2 1
github.com/kubestellar/hive/v2/pkg/hub/saas.go:5069.2,5070.23 2 1
github.com/kubestellar/hive/v2/pkg/hub/saas.go:5070.23,5071.63 1 1
github.com/kubestellar/hive/v2/pkg/hub/saas.go:5071.63,5072.48 1 1
github.com/kubestellar/hive/v2/pkg/hub/saas.go:5072.48,5074.5 1 1
github.com/kubestellar/hive/v2/pkg/hub/saas.go:5077.2,5077.23 1 1
github.com/kubestellar/hive/v2/pkg/hub/saas.go:5077.23,5079.3 1 1
github.com/kubestellar/hive/v2/pkg/hub/saas.go:5080.2,5080.32 1 1
github.com/kubestellar/hive/v2/pkg/hub/saas.go:5080.32,5081.40 1 1
github.com/kubestellar/hive/v2/pkg/hub/saas.go:5081.40,5084.4 2 1
github.com/kubestellar/hive/v2/pkg/hub/saas.go:5087.2,5087.45 1 1
github.com/kubestellar/hive/v2/pkg/hub/saas.go:5087.45,5090.3 2 1
github.com/kubestellar/hive/v2/pkg/hub/saas.go:5092.2,5093.20 2 1
github.com/kubestellar/hive/v2/pkg/hub/saas.go:5093.20,5096.3 2 1
github.com/kubestellar/hive/v2/pkg/hub/saas.go:5098.2,5099.17 2 1
github.com/kubestellar/hive/v2/pkg/hub/saas.go:5099.17,5102.3 2 1
github.com/kubestellar/hive/v2/pkg/hub/saas.go:5104.2,5105.9 2 1
github.com/kubestellar/hive/v2/pkg/hub/saas.go:5105.9,5108.3 2 1
github.com/kubestellar/hive/v2/pkg/hub/saas.go:5110.2,5112.30 3 1
github.com/kubestellar/hive/v2/pkg/hub/saas.go:5115.34,5117.25 2 1
github.com/kubestellar/hive/v2/pkg/hub/saas.go:5117.25,5118.30 1 1
github.com/kubestellar/hive/v2/pkg/hub/saas.go:5118.30,5120.4 1 1
github.com/kubestellar/hive/v2/pkg/hub/saas.go:5122.2,5122.14 1 1
github.com/kubestellar/hive/v2/pkg/hub/saas.go:5136.77,5137.32 1 1
github.com/kubestellar/hive/v2/pkg/hub/saas.go:5137.32,5141.3 3 1
github.com/kubestellar/hive/v2/pkg/hub/saas.go:5142.2,5143.38 2 1
github.com/kubestellar/hive/v2/pkg/hub/saas.go:5143.38,5146.3 2 1
github.com/kubestellar/hive/v2/pkg/hub/saas.go:5147.2,5148.30 2 1
github.com/kubestellar/hive/v2/pkg/hub/saas.go:5151.80,5156.37 4 1
github.com/kubestellar/hive/v2/pkg/hub/saas.go:5156.37,5157.38 1 1
github.com/kubestellar/hive/v2/pkg/hub/saas.go:5157.38,5159.23 2 1
github.com/kubestellar/hive/v2/pkg/hub/saas.go:5159.23,5161.5 1 1
github.com/kubestellar/hive/v2/pkg/hub/saas.go:5162.4,5162.9 1 1
github.com/kubestellar/hive/v2/pkg/hub/saas.go:5165.2,5166.21 2 1
github.com/kubestellar/hive/v2/pkg/hub/saas.go:5166.21,5168.3 1 1
github.com/kubestellar/hive/v2/pkg/hub/saas.go:5170.2,5201.44 3 1
github.com/kubestellar/hive/v2/pkg/hub/saas.go:8769.81,8775.62 2 1
github.com/kubestellar/hive/v2/pkg/hub/saas.go:8775.62,8778.3 2 1
github.com/kubestellar/hive/v2/pkg/hub/saas.go:8779.2,8780.24 2 1
github.com/kubestellar/hive/v2/pkg/hub/saas.go:8780.24,8783.3 2 1
github.com/kubestellar/hive/v2/pkg/hub/saas.go:8784.2,8784.53 1 1
github.com/kubestellar/hive/v2/pkg/hub/saas.go:8784.53,8787.3 2 1
github.com/kubestellar/hive/v2/pkg/hub/saas.go:8788.2,8788.22 1 1
github.com/kubestellar/hive/v2/pkg/hub/saas.go:8788.22,8790.3 1 1
github.com/kubestellar/hive/v2/pkg/hub/saas.go:8791.2,8791.36 1 1
github.com/kubestellar/hive/v2/pkg/hub/saas.go:8791.36,8794.3 2 1
github.com/kubestellar/hive/v2/pkg/hub/saas.go:8795.2,8795.28 1 1
github.com/kubestellar/hive/v2/pkg/hub/saas.go:8795.28,8798.3 2 1
github.com/kubestellar/hive/v2/pkg/hub/saas.go:8799.2,8799.46 1 1
github.com/kubestellar/hive/v2/pkg/hub/saas.go:8799.46,8802.3 2 1
github.com/kubestellar/hive/v2/pkg/hub/saas.go:8804.2,8814.38 5 1
github.com/kubestellar/hive/v2/pkg/hub/saas.go:8814.38,8816.3 1 1
github.com/kubestellar/hive/v2/pkg/hub/saas.go:8817.2,8832.91 6 1
github.com/kubestellar/hive/v2/pkg/hub/saas.go:8835.82,8848.2 9 1
github.com/kubestellar/hive/v2/pkg/hub/saas.go:8850.80,8862.42 5 1
github.com/kubestellar/hive/v2/pkg/hub/saas.go:8862.42,8870.3 1 1
github.com/kubestellar/hive/v2/pkg/hub/saas.go:8871.2,8871.20 1 1
github.com/kubestellar/hive/v2/pkg/hub/saas.go:8871.20,8873.3 1 1
github.com/kubestellar/hive/v2/pkg/hub/saas.go:8875.2,8876.63 2 1
github.com/kubestellar/hive/v2/pkg/hub/saas.go:8897.77,8899.20 2 0
github.com/kubestellar/hive/v2/pkg/hub/saas.go:8899.20,8902.3 2 0
github.com/kubestellar/hive/v2/pkg/hub/saas.go:8903.2,8904.46 2 0
github.com/kubestellar/hive/v2/pkg/hub/saas.go:8904.46,8910.3 3 0
github.com/kubestellar/hive/v2/pkg/hub/saas.go:8911.2,8912.16 2 0
github.com/kubestellar/hive/v2/pkg/hub/saas.go:8912.16,8917.3 4 0
github.com/kubestellar/hive/v2/pkg/hub/saas.go:8919.2,8924.43 2 0
github.com/kubestellar/hive/v2/pkg/hub/saas.go:8924.43,8926.17 2 0
github.com/kubestellar/hive/v2/pkg/hub/saas.go:8926.17,8928.4 1 0
github.com/kubestellar/hive/v2/pkg/hub/saas.go:8929.3,8932.17 4 0
github.com/kubestellar/hive/v2/pkg/hub/saas.go:8932.17,8934.4 1 0
github.com/kubestellar/hive/v2/pkg/hub/saas.go:8935.3,8936.39 2 0
github.com/kubestellar/hive/v2/pkg/hub/saas.go:8936.39,8938.4 1 0
github.com/kubestellar/hive/v2/pkg/hub/saas.go:8939.3,8939.48 1 0
github.com/kubestellar/hive/v2/pkg/hub/saas.go:8943.2,8948.96 2 0
github.com/kubestellar/hive/v2/pkg/hub/saas.go:8948.96,8953.3 4 0
github.com/kubestellar/hive/v2/pkg/hub/saas.go:8956.2,8958.43 3 0
github.com/kubestellar/hive/v2/pkg/hub/saas.go:8958.43,8959.36 1 0
github.com/kubestellar/hive/v2/pkg/hub/saas.go:8959.36,8968.42 3 0
github.com/kubestellar/hive/v2/pkg/hub/saas.go:8968.42,8971.10 2 0
github.com/kubestellar/hive/v2/pkg/hub/saas.go:8973.4,8973.39 1 0
github.com/kubestellar/hive/v2/pkg/hub/saas.go:8973.39,8974.41 1 0
github.com/kubestellar/hive/v2/pkg/hub/saas.go:8974.41,8975.14 1 0
github.com/kubestellar/hive/v2/pkg/hub/saas.go:8977.5,8978.102 2 0
github.com/kubestellar/hive/v2/pkg/hub/saas.go:8980.4,8980.34 1 0
github.com/kubestellar/hive/v2/pkg/hub/saas.go:8980.34,8981.10 1 0
github.com/kubestellar/hive/v2/pkg/hub/saas.go:8985.2,8985.40 1 0
github.com/kubestellar/hive/v2/pkg/hub/saas.go:8985.40,8985.88 1 0
github.com/kubestellar/hive/v2/pkg/hub/saas.go:8987.2,8988.59 2 0
github.com/kubestellar/hive/v2/pkg/hub/saas_provision.go:149.74,151.2 1 1
github.com/kubestellar/hive/v2/pkg/hub/saas_provision.go:155.102,157.2 1 1
github.com/kubestellar/hive/v2/pkg/hub/saas_provision.go:159.77,161.24 2 1
github.com/kubestellar/hive/v2/pkg/hub/saas_provision.go:161.24,163.3 1 1
github.com/kubestellar/hive/v2/pkg/hub/saas_provision.go:163.8,168.31 3 1
github.com/kubestellar/hive/v2/pkg/hub/saas_provision.go:168.31,174.4 1 0
github.com/kubestellar/hive/v2/pkg/hub/saas_provision.go:176.2,177.17 2 1
github.com/kubestellar/hive/v2/pkg/hub/saas_provision.go:181.27,183.16 2 1
github.com/kubestellar/hive/v2/pkg/hub/saas_provision.go:183.16,185.3 1 1
github.com/kubestellar/hive/v2/pkg/hub/saas_provision.go:186.2,186.21 1 0
github.com/kubestellar/hive/v2/pkg/hub/saas_provision.go:192.65,196.16 3 1
github.com/kubestellar/hive/v2/pkg/hub/saas_provision.go:196.16,211.3 3 1
github.com/kubestellar/hive/v2/pkg/hub/saas_provision.go:213.2,214.55 2 1
github.com/kubestellar/hive/v2/pkg/hub/saas_provision.go:214.55,217.3 2 1
github.com/kubestellar/hive/v2/pkg/hub/saas_provision.go:219.2,219.28 1 1
github.com/kubestellar/hive/v2/pkg/hub/saas_provision.go:219.28,220.17 1 1
github.com/kubestellar/hive/v2/pkg/hub/saas_provision.go:220.17,222.12 2 1
github.com/kubestellar/hive/v2/pkg/hub/saas_provision.go:224.3,224.45 1 1
github.com/kubestellar/hive/v2/pkg/hub/saas_provision.go:224.45,226.12 2 1
github.com/kubestellar/hive/v2/pkg/hub/saas_provision.go:228.3,228.21 1 1
github.com/kubestellar/hive/v2/pkg/hub/saas_provision.go:228.21,230.12 2 1
github.com/kubestellar/hive/v2/pkg/hub/saas_provision.go:232.3,232.21 1 1
github.com/kubestellar/hive/v2/pkg/hub/saas_provision.go:235.2,236.17 2 1
github.com/kubestellar/hive/v2/pkg/hub/saas_provision.go:336.73,337.25 1 1
github.com/kubestellar/hive/v2/pkg/hub/saas_provision.go:338.10,339.31 1 1
github.com/kubestellar/hive/v2/pkg/hub/saas_provision.go:340.46,341.12 1 1
github.com/kubestellar/hive/v2/pkg/hub/saas_provision.go:342.10,343.25 1 1
github.com/kubestellar/hive/v2/pkg/hub/saas_provision.go:349.72,350.24 1 1
github.com/kubestellar/hive/v2/pkg/hub/saas_provision.go:351.10,354.85 1 1
github.com/kubestellar/hive/v2/pkg/hub/saas_provision.go:354.85,356.4 1 1
github.com/kubestellar/hive/v2/pkg/hub/saas_provision.go:357.3,357.30 1 1
github.com/kubestellar/hive/v2/pkg/hub/saas_provision.go:358.50,359.12 1 0
github.com/kubestellar/hive/v2/pkg/hub/saas_provision.go:360.10,361.24 1 1
github.com/kubestellar/hive/v2/pkg/hub/saas_provision.go:365.46,367.21 2 1
github.com/kubestellar/hive/v2/pkg/hub/saas_provision.go:367.21,369.3 1 1
github.com/kubestellar/hive/v2/pkg/hub/saas_provision.go:370.2,372.24 3 1
github.com/kubestellar/hive/v2/pkg/hub/saas_provision.go:372.24,374.3 1 1
github.com/kubestellar/hive/v2/pkg/hub/saas_provision.go:375.2,375.87 1 1
github.com/kubestellar/hive/v2/pkg/hub/saas_provision.go:378.32,381.22 3 1
github.com/kubestellar/hive/v2/pkg/hub/saas_provision.go:381.22,382.67 1 1
github.com/kubestellar/hive/v2/pkg/hub/saas_provision.go:382.67,384.4 1 1
github.com/kubestellar/hive/v2/pkg/hub/saas_provision.go:386.2,386.19 1 1
github.com/kubestellar/hive/v2/pkg/hub/saas_provision.go:391.64,393.21 2 1
github.com/kubestellar/hive/v2/pkg/hub/saas_provision.go:393.21,395.3 1 1
github.com/kubestellar/hive/v2/pkg/hub/saas_provision.go:396.2,396.40 1 1
github.com/kubestellar/hive/v2/pkg/hub/saas_provision.go:396.40,398.3 1 1
github.com/kubestellar/hive/v2/pkg/hub/saas_provision.go:400.2,400.47 1 1
github.com/kubestellar/hive/v2/pkg/hub/saas_provision.go:400.47,402.3 1 1
github.com/kubestellar/hive/v2/pkg/hub/saas_provision.go:403.2,403.12 1 1
github.com/kubestellar/hive/v2/pkg/hub/saas_provision.go:409.49,410.47 1 1
github.com/kubestellar/hive/v2/pkg/hub/saas_provision.go:410.47,412.3 1 1
github.com/kubestellar/hive/v2/pkg/hub/saas_provision.go:414.2,414.62 1 1
github.com/kubestellar/hive/v2/pkg/hub/saas_provision.go:417.40,418.91 1 1
github.com/kubestellar/hive/v2/pkg/hub/saas_provision.go:418.91,420.3 1 1
github.com/kubestellar/hive/v2/pkg/hub/saas_provision.go:421.2,423.16 3 1
github.com/kubestellar/hive/v2/pkg/hub/saas_provision.go:423.16,425.3 1 1
github.com/kubestellar/hive/v2/pkg/hub/saas_provision.go:426.2,427.37 2 1
github.com/kubestellar/hive/v2/pkg/hub/saas_provision.go:427.37,429.3 1 0
github.com/kubestellar/hive/v2/pkg/hub/saas_provision.go:430.2,430.11 1 1
github.com/kubestellar/hive/v2/pkg/hub/saas_provision.go:433.38,434.97 1 1
github.com/kubestellar/hive/v2/pkg/hub/saas_provision.go:434.97,436.3 1 1
github.com/kubestellar/hive/v2/pkg/hub/saas_provision.go:437.2,440.16 4 1
github.com/kubestellar/hive/v2/pkg/hub/saas_provision.go:440.16,442.3 1 0
github.com/kubestellar/hive/v2/pkg/hub/saas_provision.go:443.2,445.59 3 1
github.com/kubestellar/hive/v2/pkg/hub/saas_provision.go:445.59,447.3 1 1
github.com/kubestellar/hive/v2/pkg/hub/saas_provision.go:448.2,448.33 1 1
github.com/kubestellar/hive/v2/pkg/hub/saas_provision.go:451.33,453.16 2 1
github.com/kubestellar/hive/v2/pkg/hub/saas_provision.go:453.16,455.3 1 1
github.com/kubestellar/hive/v2/pkg/hub/saas_provision.go:456.2,457.28 2 1
github.com/kubestellar/hive/v2/pkg/hub/saas_provision.go:457.28,458.17 1 1
github.com/kubestellar/hive/v2/pkg/hub/saas_provision.go:458.17,459.12 1 0
github.com/kubestellar/hive/v2/pkg/hub/saas_provision.go:461.3,462.15 2 1
github.com/kubestellar/hive/v2/pkg/hub/saas_provision.go:462.15,464.4 1 1
github.com/kubestellar/hive/v2/pkg/hub/saas_provision.go:466.2,466.14 1 1
github.com/kubestellar/hive/v2/pkg/hub/saas_provision.go:469.42,471.36 2 1
github.com/kubestellar/hive/v2/pkg/hub/saas_provision.go:471.36,472.26 1 1
github.com/kubestellar/hive/v2/pkg/hub/saas_provision.go:472.26,474.4 1 1
github.com/kubestellar/hive/v2/pkg/hub/saas_provision.go:476.2,476.14 1 1
github.com/kubestellar/hive/v2/pkg/hub/saas_provision.go:491.49,495.17 4 1
github.com/kubestellar/hive/v2/pkg/hub/saas_provision.go:495.17,498.3 2 1
github.com/kubestellar/hive/v2/pkg/hub/saas_provision.go:499.2,499.39 1 1
github.com/kubestellar/hive/v2/pkg/hub/saas_provision.go:499.39,500.34 1 1
github.com/kubestellar/hive/v2/pkg/hub/saas_provision.go:500.34,501.12 1 1
github.com/kubestellar/hive/v2/pkg/hub/saas_provision.go:503.3,504.48 2 1
github.com/kubestellar/hive/v2/pkg/hub/saas_provision.go:504.48,505.12 1 1
github.com/kubestellar/hive/v2/pkg/hub/saas_provision.go:507.3,508.37 2 1
github.com/kubestellar/hive/v2/pkg/hub/saas_provision.go:510.2,510.35 1 1
github.com/kubestellar/hive/v2/pkg/hub/saas_provision.go:513.108,519.20 5 1
github.com/kubestellar/hive/v2/pkg/hub/saas_provision.go:519.20,521.27 2 1
github.com/kubestellar/hive/v2/pkg/hub/saas_provision.go:521.27,523.19 2 1
github.com/kubestellar/hive/v2/pkg/hub/saas_provision.go:523.19,525.5 1 1
github.com/kubestellar/hive/v2/pkg/hub/saas_provision.go:527.3,527.21 1 1
github.com/kubestellar/hive/v2/pkg/hub/saas_provision.go:527.21,529.4 1 1
github.com/kubestellar/hive/v2/pkg/hub/saas_provision.go:532.2,542.27 6 1
github.com/kubestellar/hive/v2/pkg/hub/saas_provision.go:542.27,544.3 1 1
github.com/kubestellar/hive/v2/pkg/hub/saas_provision.go:547.2,548.20 2 1
github.com/kubestellar/hive/v2/pkg/hub/saas_provision.go:548.20,550.3 1 1
github.com/kubestellar/hive/v2/pkg/hub/saas_provision.go:552.2,565.34 1 1
github.com/kubestellar/hive/v2/pkg/hub/saas_provision.go:565.34,567.25 2 1
github.com/kubestellar/hive/v2/pkg/hub/saas_provision.go:567.25,569.5 1 1
github.com/kubestellar/hive/v2/pkg/hub/saas_provision.go:570.4,570.36 1 1
github.com/kubestellar/hive/v2/pkg/hub/saas_provision.go:578.35,580.48 2 1
github.com/kubestellar/hive/v2/pkg/hub/saas_provision.go:580.48,583.5 2 0
github.com/kubestellar/hive/v2/pkg/hub/saas_provision.go:584.4,584.32 1 1
github.com/kubestellar/hive/v2/pkg/hub/saas_provision.go:586.30,587.50 1 1
github.com/kubestellar/hive/v2/pkg/hub/saas_provision.go:587.50,589.5 1 0
github.com/kubestellar/hive/v2/pkg/hub/saas_provision.go:590.4,590.73 1 1
github.com/kubestellar/hive/v2/pkg/hub/saas_provision.go:590.73,592.5 1 0
github.com/kubestellar/hive/v2/pkg/hub/saas_provision.go:593.4,593.13 1 1
github.com/kubestellar/hive/v2/pkg/hub/saas_provision.go:613.28,614.29 1 1
github.com/kubestellar/hive/v2/pkg/hub/saas_provision.go:614.29,616.5 1 0
github.com/kubestellar/hive/v2/pkg/hub/saas_provision.go:617.4,617.19 1 1
github.com/kubestellar/hive/v2/pkg/hub/saas_provision.go:628.34,633.48 1 1
github.com/kubestellar/hive/v2/pkg/hub/saas_provision.go:633.48,635.5 1 1
github.com/kubestellar/hive/v2/pkg/hub/saas_provision.go:636.4,636.35 1 0
github.com/kubestellar/hive/v2/pkg/hub/saas_provision.go:636.35,638.5 1 0
github.com/kubestellar/hive/v2/pkg/hub/saas_provision.go:639.4,639.13 1 0
github.com/kubestellar/hive/v2/pkg/hub/saas_provision.go:649.2,649.72 1 1
github.com/kubestellar/hive/v2/pkg/hub/saas_provision.go:649.72,652.17 3 1
github.com/kubestellar/hive/v2/pkg/hub/saas_provision.go:652.17,654.4 1 1
github.com/kubestellar/hive/v2/pkg/hub/saas_provision.go:654.9,657.24 3 1
github.com/kubestellar/hive/v2/pkg/hub/saas_provision.go:657.24,659.5 1 0
github.com/kubestellar/hive/v2/pkg/hub/saas_provision.go:659.10,661.5 1 1
github.com/kubestellar/hive/v2/pkg/hub/saas_provision.go:665.2,666.16 2 1
github.com/kubestellar/hive/v2/pkg/hub/saas_provision.go:666.16,668.3 1 0
github.com/kubestellar/hive/v2/pkg/hub/saas_provision.go:670.2,672.16 3 1
github.com/kubestellar/hive/v2/pkg/hub/saas_provision.go:672.16,674.3 1 0
github.com/kubestellar/hive/v2/pkg/hub/saas_provision.go:675.2,675.46 1 1
github.com/kubestellar/hive/v2/pkg/hub/saas_provision.go:675.46,678.3 2 0
github.com/kubestellar/hive/v2/pkg/hub/saas_provision.go:679.2,685.52 4 1
github.com/kubestellar/hive/v2/pkg/hub/saas_provision.go:685.52,687.3 1 0
github.com/kubestellar/hive/v2/pkg/hub/saas_provision.go:689.2,689.16 1 1
github.com/kubestellar/hive/v2/pkg/hub/saas_provision.go:689.16,692.3 2 0
github.com/kubestellar/hive/v2/pkg/hub/saas_provision.go:694.2,695.12 2 1
github.com/kubestellar/hive/v2/pkg/hub/saas_provision.go:704.80,712.50 5 1
github.com/kubestellar/hive/v2/pkg/hub/saas_provision.go:712.50,714.3 1 0
github.com/kubestellar/hive/v2/pkg/hub/saas_provision.go:719.2,719.72 1 1
github.com/kubestellar/hive/v2/pkg/hub/saas_provision.go:719.72,724.51 4 1
github.com/kubestellar/hive/v2/pkg/hub/saas_provision.go:724.51,726.4 1 0
github.com/kubestellar/hive/v2/pkg/hub/saas_provision.go:729.3,729.26 1 1
github.com/kubestellar/hive/v2/pkg/hub/saas_provision.go:729.26,731.65 2 1
github.com/kubestellar/hive/v2/pkg/hub/saas_provision.go:731.65,733.5 1 0
github.com/kubestellar/hive/v2/pkg/hub/saas_provision.go:737.3,737.30 1 1
github.com/kubestellar/hive/v2/pkg/hub/saas_provision.go:737.30,739.73 2 1
github.com/kubestellar/hive/v2/pkg/hub/saas_provision.go:739.73,741.5 1 0
github.com/kubestellar/hive/v2/pkg/hub/saas_provision.go:747.2,747.25 1 1
github.com/kubestellar/hive/v2/pkg/hub/saas_provision.go:747.25,749.20 2 1
github.com/kubestellar/hive/v2/pkg/hub/saas_provision.go:749.20,751.4 1 0
github.com/kubestellar/hive/v2/pkg/hub/saas_provision.go:752.3,755.51 3 1
github.com/kubestellar/hive/v2/pkg/hub/saas_provision.go:755.51,758.4 1 0
github.com/kubestellar/hive/v2/pkg/hub/saas_provision.go:762.2,763.46 2 1
github.com/kubestellar/hive/v2/pkg/hub/saas_provision.go:763.46,765.3 1 0
github.com/kubestellar/hive/v2/pkg/hub/saas_provision.go:768.2,768.39 1 1
github.com/kubestellar/hive/v2/pkg/hub/saas_provision.go:768.39,769.35 1 1
github.com/kubestellar/hive/v2/pkg/hub/saas_provision.go:769.35,771.43 2 1
github.com/kubestellar/hive/v2/pkg/hub/saas_provision.go:771.43,773.5 1 0
github.com/kubestellar/hive/v2/pkg/hub/saas_provision.go:777.2,777.102 1 1
github.com/kubestellar/hive/v2/pkg/hub/saas_provision.go:783.85,801.37 6 1
github.com/kubestellar/hive/v2/pkg/hub/saas_provision.go:801.37,804.20 2 1
github.com/kubestellar/hive/v2/pkg/hub/saas_provision.go:804.20,806.4 1 1
github.com/kubestellar/hive/v2/pkg/hub/saas_provision.go:810.2,812.38 2 1
github.com/kubestellar/hive/v2/pkg/hub/saas_provision.go:812.38,814.83 2 1
github.com/kubestellar/hive/v2/pkg/hub/saas_provision.go:814.83,820.25 4 1
github.com/kubestellar/hive/v2/pkg/hub/saas_provision.go:820.25,824.5 3 1
github.com/kubestellar/hive/v2/pkg/hub/saas_provision.go:832.2,833.38 2 1
github.com/kubestellar/hive/v2/pkg/hub/saas_provision.go:833.38,834.20 1 1
github.com/kubestellar/hive/v2/pkg/hub/saas_provision.go:834.20,836.9 2 1
github.com/kubestellar/hive/v2/pkg/hub/saas_provision.go:839.2,846.73 4 1
github.com/kubestellar/hive/v2/pkg/hub/saas_provision.go:846.73,853.3 6 0
github.com/kubestellar/hive/v2/pkg/hub/saas_provision.go:856.2,864.48 7 1
github.com/kubestellar/hive/v2/pkg/hub/saas_provision.go:864.48,866.3 1 0
github.com/kubestellar/hive/v2/pkg/hub/saas_provision.go:869.2,870.34 2 1
github.com/kubestellar/hive/v2/pkg/hub/saas_provision.go:870.34,871.37 1 1
github.com/kubestellar/hive/v2/pkg/hub/saas_provision.go:871.37,875.9 4 1
github.com/kubestellar/hive/v2/pkg/hub/saas_provision.go:878.2,881.98 3 1
github.com/kubestellar/hive/v2/pkg/hub/saas_provision.go:885.45,887.16 2 1
github.com/kubestellar/hive/v2/pkg/hub/saas_provision.go:887.16,890.17 2 1
github.com/kubestellar/hive/v2/pkg/hub/saas_provision.go:890.17,892.4 1 1
github.com/kubestellar/hive/v2/pkg/hub/saas_provision.go:894.2,894.26 1 1
github.com/kubestellar/hive/v2/pkg/hub/saas_provision.go:899.51,900.52 1 1
github.com/kubestellar/hive/v2/pkg/hub/saas_provision.go:900.52,902.42 2 1
github.com/kubestellar/hive/v2/pkg/hub/saas_provision.go:902.42,905.4 2 1
github.com/kubestellar/hive/v2/pkg/hub/saas_provision.go:907.2,907.11 1 1
github.com/kubestellar/hive/v2/pkg/hub/saas_provision.go:914.64,918.6 3 1
github.com/kubestellar/hive/v2/pkg/hub/saas_provision.go:918.6,919.10 1 1
github.com/kubestellar/hive/v2/pkg/hub/saas_provision.go:920.21,921.10 1 1
github.com/kubestellar/hive/v2/pkg/hub/saas_provision.go:922.19,922.19 0 1
github.com/kubestellar/hive/v2/pkg/hub/saas_provision.go:924.3,925.27 2 1
github.com/kubestellar/hive/v2/pkg/hub/saas_provision.go:925.27,926.34 1 1
github.com/kubestellar/hive/v2/pkg/hub/saas_provision.go:926.34,927.13 1 1
github.com/kubestellar/hive/v2/pkg/hub/saas_provision.go:929.4,930.46 2 1
github.com/kubestellar/hive/v2/pkg/hub/saas_provision.go:930.46,935.13 5 1
github.com/kubestellar/hive/v2/pkg/hub/saas_provision.go:938.4,939.22 2 1
github.com/kubestellar/hive/v2/pkg/hub/saas_provision.go:939.22,941.13 2 0
github.com/kubestellar/hive/v2/pkg/hub/saas_provision.go:943.4,946.18 4 1
github.com/kubestellar/hive/v2/pkg/hub/saas_provision.go:946.18,947.13 1 0
github.com/kubestellar/hive/v2/pkg/hub/saas_provision.go:949.4,949.45 1 1
github.com/kubestellar/hive/v2/pkg/hub/saas_provision.go:949.45,952.77 2 1
github.com/kubestellar/hive/v2/pkg/hub/saas_provision.go:952.77,958.6 5 0
github.com/kubestellar/hive/v2/pkg/hub/saas_provision.go:959.5,960.86 2 1
github.com/kubestellar/hive/v2/pkg/hub/saas_provision.go:1527.101,1528.40 1 1
github.com/kubestellar/hive/v2/pkg/hub/saas_provision.go:1528.40,1530.3 1 0
github.com/kubestellar/hive/v2/pkg/hub/saas_provision.go:1531.2,1534.54 3 1
github.com/kubestellar/hive/v2/pkg/hub/saas_provision.go:1534.54,1535.68 1 0
github.com/kubestellar/hive/v2/pkg/hub/saas_provision.go:1535.68,1538.18 2 0
github.com/kubestellar/hive/v2/pkg/hub/saas_provision.go:1538.18,1539.13 1 0
github.com/kubestellar/hive/v2/pkg/hub/saas_provision.go:1541.4,1544.41 4 0
github.com/kubestellar/hive/v2/pkg/hub/saas_provision.go:1544.41,1546.5 1 0
github.com/kubestellar/hive/v2/pkg/hub/saas_provision.go:1547.4,1560.36 4 0
github.com/kubestellar/hive/v2/pkg/hub/saas_provision.go:1560.36,1562.5 1 0
github.com/kubestellar/hive/v2/pkg/hub/saas_provision.go:1564.3,1564.13 1 0
github.com/kubestellar/hive/v2/pkg/hub/saas_provision.go:1568.2,1569.75 2 1
github.com/kubestellar/hive/v2/pkg/hub/saas_provision.go:1569.75,1571.17 2 1
github.com/kubestellar/hive/v2/pkg/hub/saas_provision.go:1571.17,1572.12 1 1
github.com/kubestellar/hive/v2/pkg/hub/saas_provision.go:1574.3,1575.51 2 0
github.com/kubestellar/hive/v2/pkg/hub/saas_provision.go:1575.51,1576.12 1 0
github.com/kubestellar/hive/v2/pkg/hub/saas_provision.go:1578.3,1579.18 2 0
github.com/kubestellar/hive/v2/pkg/hub/saas_provision.go:1579.18,1580.12 1 0
github.com/kubestellar/hive/v2/pkg/hub/saas_provision.go:1582.3,1584.27 3 0
github.com/kubestellar/hive/v2/pkg/hub/saas_provision.go:1584.27,1586.17 2 0
github.com/kubestellar/hive/v2/pkg/hub/saas_provision.go:1586.17,1587.13 1 0
github.com/kubestellar/hive/v2/pkg/hub/saas_provision.go:1589.4,1589.52 1 0
github.com/kubestellar/hive/v2/pkg/hub/saas_provision.go:1589.52,1591.13 2 0
github.com/kubestellar/hive/v2/pkg/hub/saas_provision.go:1592.10,1592.35 1 0
github.com/kubestellar/hive/v2/pkg/hub/saas_provision.go:1592.35,1594.5 1 0
github.com/kubestellar/hive/v2/pkg/hub/saas_provision.go:1596.3,1596.18 1 0
github.com/kubestellar/hive/v2/pkg/hub/saas_provision.go:1596.18,1599.4 2 0
github.com/kubestellar/hive/v2/pkg/hub/saas_provision.go:1601.3,1601.45 1 0
github.com/kubestellar/hive/v2/pkg/hub/saas_provision.go:1601.45,1602.30 1 0
github.com/kubestellar/hive/v2/pkg/hub/saas_provision.go:1602.30,1604.18 2 0
github.com/kubestellar/hive/v2/pkg/hub/saas_provision.go:1604.18,1605.14 1 0
github.com/kubestellar/hive/v2/pkg/hub/saas_provision.go:1607.5,1609.29 3 0
github.com/kubestellar/hive/v2/pkg/hub/saas_provision.go:1609.29,1610.47 1 0
github.com/kubestellar/hive/v2/pkg/hub/saas_provision.go:1610.47,1612.7 1 0
github.com/kubestellar/hive/v2/pkg/hub/saas_provision.go:1614.5,1614.15 1 0
github.com/kubestellar/hive/v2/pkg/hub/saas_provision.go:1614.15,1616.6 1 0
github.com/kubestellar/hive/v2/pkg/hub/saas_provision.go:1619.3,1620.17 2 0
github.com/kubestellar/hive/v2/pkg/hub/saas_provision.go:1620.17,1621.12 1 0
github.com/kubestellar/hive/v2/pkg/hub/saas_provision.go:1623.3,1624.35 2 0
github.com/kubestellar/hive/v2/pkg/hub/saas_provision.go:1624.35,1626.4 1 0
github.com/kubestellar/hive/v2/pkg/hub/saas_provision.go:1627.3,1627.12 1 0
github.com/kubestellar/hive/v2/pkg/hub/saas_provision.go:1629.2,1629.18 1 1
github.com/kubestellar/hive/v2/pkg/hub/saas_provision.go:1629.18,1631.3 1 1
github.com/kubestellar/hive/v2/pkg/hub/saas_provision.go:1632.2,1632.12 1 0
github.com/kubestellar/hive/v2/pkg/hub/self_upgrade.go:34.52,36.16 2 1
github.com/kubestellar/hive/v2/pkg/hub/self_upgrade.go:36.16,38.3 1 1
github.com/kubestellar/hive/v2/pkg/hub/self_upgrade.go:39.2,40.21 2 1
github.com/kubestellar/hive/v2/pkg/hub/self_upgrade.go:40.21,42.3 1 0
github.com/kubestellar/hive/v2/pkg/hub/self_upgrade.go:44.2,50.69 3 1
github.com/kubestellar/hive/v2/pkg/hub/self_upgrade.go:50.69,52.3 1 0
github.com/kubestellar/hive/v2/pkg/hub/self_upgrade.go:54.2,58.12 2 1
github.com/kubestellar/hive/v2/pkg/hub/self_upgrade.go:68.63,70.16 2 1
github.com/kubestellar/hive/v2/pkg/hub/self_upgrade.go:70.16,72.3 1 1
github.com/kubestellar/hive/v2/pkg/hub/self_upgrade.go:73.2,74.21 2 1
github.com/kubestellar/hive/v2/pkg/hub/self_upgrade.go:74.21,76.3 1 0
github.com/kubestellar/hive/v2/pkg/hub/self_upgrade.go:77.2,80.16 3 1
github.com/kubestellar/hive/v2/pkg/hub/self_upgrade.go:80.16,82.3 1 0
github.com/kubestellar/hive/v2/pkg/hub/self_upgrade.go:83.2,83.66 1 1
github.com/kubestellar/hive/v2/pkg/hub/self_upgrade.go:83.66,85.3 1 1
github.com/kubestellar/hive/v2/pkg/hub/self_upgrade.go:87.2,88.37 2 1
github.com/kubestellar/hive/v2/pkg/hub/self_upgrade.go:88.37,90.3 1 1
github.com/kubestellar/hive/v2/pkg/hub/self_upgrade.go:91.2,91.41 1 1
github.com/kubestellar/hive/v2/pkg/hub/self_upgrade.go:91.41,93.3 1 1
github.com/kubestellar/hive/v2/pkg/hub/self_upgrade.go:94.2,98.57 2 1
github.com/kubestellar/hive/v2/pkg/hub/self_upgrade.go:98.57,100.3 1 0
github.com/kubestellar/hive/v2/pkg/hub/self_upgrade.go:101.2,103.12 2 1
github.com/kubestellar/hive/v2/pkg/hub/self_upgrade.go:113.43,114.49 1 1
github.com/kubestellar/hive/v2/pkg/hub/self_upgrade.go:114.49,116.3 1 1
github.com/kubestellar/hive/v2/pkg/hub/self_upgrade.go:119.2,120.53 2 1
github.com/kubestellar/hive/v2/pkg/hub/self_upgrade.go:120.53,122.3 1 1
github.com/kubestellar/hive/v2/pkg/hub/self_upgrade.go:123.2,123.59 1 1
github.com/kubestellar/hive/v2/pkg/hub/self_upgrade.go:138.93,140.16 2 0
github.com/kubestellar/hive/v2/pkg/hub/self_upgrade.go:140.16,147.3 2 0
github.com/kubestellar/hive/v2/pkg/hub/self_upgrade.go:148.2,148.32 1 0
github.com/kubestellar/hive/v2/pkg/hub/self_upgrade.go:148.32,150.3 1 0
github.com/kubestellar/hive/v2/pkg/hub/self_upgrade.go:153.2,154.13 2 0
github.com/kubestellar/hive/v2/pkg/hub/self_upgrade.go:154.13,156.3 1 0
github.com/kubestellar/hive/v2/pkg/hub/self_upgrade.go:157.2,158.25 2 0
github.com/kubestellar/hive/v2/pkg/hub/self_upgrade.go:158.25,160.3 1 0
github.com/kubestellar/hive/v2/pkg/hub/self_upgrade.go:161.2,163.58 2 0
github.com/kubestellar/hive/v2/pkg/hub/self_upgrade.go:163.58,165.3 1 0
github.com/kubestellar/hive/v2/pkg/hub/self_upgrade.go:168.2,168.19 1 0
github.com/kubestellar/hive/v2/pkg/hub/self_upgrade.go:173.44,175.16 2 0
github.com/kubestellar/hive/v2/pkg/hub/self_upgrade.go:175.16,177.3 1 0
github.com/kubestellar/hive/v2/pkg/hub/self_upgrade.go:178.2,179.21 2 0
github.com/kubestellar/hive/v2/pkg/hub/self_upgrade.go:179.21,181.3 1 0
github.com/kubestellar/hive/v2/pkg/hub/self_upgrade.go:182.2,184.16 3 0
github.com/kubestellar/hive/v2/pkg/hub/self_upgrade.go:184.16,186.3 1 0
github.com/kubestellar/hive/v2/pkg/hub/self_upgrade.go:187.2,198.51 2 0
github.com/kubestellar/hive/v2/pkg/hub/self_upgrade.go:198.51,200.3 1 0
github.com/kubestellar/hive/v2/pkg/hub/self_upgrade.go:201.2,201.49 1 0
github.com/kubestellar/hive/v2/pkg/hub/self_upgrade.go:201.49,203.3 1 0
github.com/kubestellar/hive/v2/pkg/hub/self_upgrade.go:204.2,204.56 1 0
github.com/kubestellar/hive/v2/pkg/hub/self_upgrade.go:214.81,217.16 3 1
github.com/kubestellar/hive/v2/pkg/hub/self_upgrade.go:217.16,219.3 1 0
github.com/kubestellar/hive/v2/pkg/hub/self_upgrade.go:220.2,234.51 2 1
github.com/kubestellar/hive/v2/pkg/hub/self_upgrade.go:234.51,236.3 1 1
github.com/kubestellar/hive/v2/pkg/hub/self_upgrade.go:237.2,237.54 1 1
github.com/kubestellar/hive/v2/pkg/hub/self_upgrade.go:237.54,239.3 1 1
github.com/kubestellar/hive/v2/pkg/hub/self_upgrade.go:240.2,240.58 1 1
github.com/kubestellar/hive/v2/pkg/hub/self_upgrade.go:240.58,242.3 1 1
github.com/kubestellar/hive/v2/pkg/hub/self_upgrade.go:243.2,243.17 1 1
github.com/kubestellar/hive/v2/pkg/hub/self_upgrade.go:246.50,248.16 2 1
github.com/kubestellar/hive/v2/pkg/hub/self_upgrade.go:248.16,250.3 1 1
github.com/kubestellar/hive/v2/pkg/hub/self_upgrade.go:252.2,253.59 2 1
github.com/kubestellar/hive/v2/pkg/hub/self_upgrade.go:253.59,257.3 3 0
github.com/kubestellar/hive/v2/pkg/hub/self_upgrade.go:257.8,259.3 1 1
github.com/kubestellar/hive/v2/pkg/hub/self_upgrade.go:261.2,270.16 5 1
github.com/kubestellar/hive/v2/pkg/hub/self_upgrade.go:270.16,272.3 1 0
github.com/kubestellar/hive/v2/pkg/hub/self_upgrade.go:273.2,277.16 4 1
github.com/kubestellar/hive/v2/pkg/hub/self_upgrade.go:277.16,279.3 1 0
github.com/kubestellar/hive/v2/pkg/hub/self_upgrade.go:280.2,282.28 2 1
github.com/kubestellar/hive/v2/pkg/hub/self_upgrade.go:282.28,285.3 2 1
github.com/kubestellar/hive/v2/pkg/hub/self_upgrade.go:286.2,286.12 1 1
github.com/kubestellar/hive/v2/pkg/hub/server.go:122.37,125.56 3 1
github.com/kubestellar/hive/v2/pkg/hub/server.go:125.56,127.3 1 1
github.com/kubestellar/hive/v2/pkg/hub/server.go:128.2,128.10 1 1
github.com/kubestellar/hive/v2/pkg/hub/server.go:131.33,133.2 1 1
github.com/kubestellar/hive/v2/pkg/hub/server.go:150.51,155.13 5 1
github.com/kubestellar/hive/v2/pkg/hub/server.go:155.13,157.3 1 0
github.com/kubestellar/hive/v2/pkg/hub/server.go:158.2,162.55 2 1
github.com/kubestellar/hive/v2/pkg/hub/server.go:162.55,164.3 1 0
github.com/kubestellar/hive/v2/pkg/hub/server.go:165.2,165.21 1 1
github.com/kubestellar/hive/v2/pkg/hub/server.go:175.40,181.13 6 1
github.com/kubestellar/hive/v2/pkg/hub/server.go:181.13,183.3 1 1
github.com/kubestellar/hive/v2/pkg/hub/server.go:184.2,185.28 2 1
github.com/kubestellar/hive/v2/pkg/hub/server.go:194.36,195.18 1 1
github.com/kubestellar/hive/v2/pkg/hub/server.go:195.18,197.3 1 1
github.com/kubestellar/hive/v2/pkg/hub/server.go:198.2,199.20 2 1
github.com/kubestellar/hive/v2/pkg/hub/server.go:199.20,201.3 1 1
github.com/kubestellar/hive/v2/pkg/hub/server.go:202.2,202.26 1 1
github.com/kubestellar/hive/v2/pkg/hub/server.go:202.26,203.22 1 1
github.com/kubestellar/hive/v2/pkg/hub/server.go:203.22,205.4 1 1
github.com/kubestellar/hive/v2/pkg/hub/server.go:207.2,207.13 1 1
github.com/kubestellar/hive/v2/pkg/hub/server.go:210.41,212.2 1 1
github.com/kubestellar/hive/v2/pkg/hub/server.go:318.38,321.38 3 1
github.com/kubestellar/hive/v2/pkg/hub/server.go:321.38,323.3 1 1
github.com/kubestellar/hive/v2/pkg/hub/server.go:324.2,327.16 3 1
github.com/kubestellar/hive/v2/pkg/hub/server.go:327.16,330.3 2 0
github.com/kubestellar/hive/v2/pkg/hub/server.go:331.2,331.73 1 1
github.com/kubestellar/hive/v2/pkg/hub/server.go:331.73,334.3 2 1
github.com/kubestellar/hive/v2/pkg/hub/server.go:335.2,336.59 2 1
github.com/kubestellar/hive/v2/pkg/hub/server.go:336.59,339.3 2 0
github.com/kubestellar/hive/v2/pkg/hub/server.go:340.2,340.59 1 1
github.com/kubestellar/hive/v2/pkg/hub/server.go:340.59,342.3 1 0
github.com/kubestellar/hive/v2/pkg/hub/server.go:349.38,351.16 2 1
github.com/kubestellar/hive/v2/pkg/hub/server.go:351.16,352.26 1 1
github.com/kubestellar/hive/v2/pkg/hub/server.go:352.26,354.4 1 0
github.com/kubestellar/hive/v2/pkg/hub/server.go:355.3,355.9 1 1
github.com/kubestellar/hive/v2/pkg/hub/server.go:357.2,358.54 2 1
github.com/kubestellar/hive/v2/pkg/hub/server.go:358.54,361.3 2 0
github.com/kubestellar/hive/v2/pkg/hub/server.go:363.2,365.32 3 1
github.com/kubestellar/hive/v2/pkg/hub/server.go:365.32,366.19 1 1
github.com/kubestellar/hive/v2/pkg/hub/server.go:366.19,368.12 2 0
github.com/kubestellar/hive/v2/pkg/hub/server.go:370.3,370.72 1 1
github.com/kubestellar/hive/v2/pkg/hub/server.go:370.72,371.42 1 1
github.com/kubestellar/hive/v2/pkg/hub/server.go:371.42,373.13 2 1
github.com/kubestellar/hive/v2/pkg/hub/server.go:376.3,376.27 1 1
github.com/kubestellar/hive/v2/pkg/hub/server.go:378.2,381.16 3 1
github.com/kubestellar/hive/v2/pkg/hub/server.go:381.16,383.3 1 1
github.com/kubestellar/hive/v2/pkg/hub/server.go:384.2,384.12 1 1
github.com/kubestellar/hive/v2/pkg/hub/server.go:384.12,387.3 1 1
github.com/kubestellar/hive/v2/pkg/hub/server.go:390.88,391.47 1 1
github.com/kubestellar/hive/v2/pkg/hub/server.go:391.47,393.3 1 0
github.com/kubestellar/hive/v2/pkg/hub/server.go:394.2,395.18 2 1
github.com/kubestellar/hive/v2/pkg/hub/server.go:395.18,396.72 1 1
github.com/kubestellar/hive/v2/pkg/hub/server.go:396.72,398.4 1 0
github.com/kubestellar/hive/v2/pkg/hub/server.go:400.2,400.18 1 1
github.com/kubestellar/hive/v2/pkg/hub/server.go:400.18,406.90 6 1
github.com/kubestellar/hive/v2/pkg/hub/server.go:406.90,408.4 1 1
github.com/kubestellar/hive/v2/pkg/hub/server.go:409.3,409.75 1 1
github.com/kubestellar/hive/v2/pkg/hub/server.go:411.2,464.10 29 1
github.com/kubestellar/hive/v2/pkg/hub/server.go:473.43,489.2 7 1
github.com/kubestellar/hive/v2/pkg/hub/server.go:491.59,495.16 4 1
github.com/kubestellar/hive/v2/pkg/hub/server.go:495.16,497.3 1 1
github.com/kubestellar/hive/v2/pkg/hub/server.go:498.2,500.26 3 1
github.com/kubestellar/hive/v2/pkg/hub/server.go:503.77,504.23 1 1
github.com/kubestellar/hive/v2/pkg/hub/server.go:504.23,506.113 2 1
github.com/kubestellar/hive/v2/pkg/hub/server.go:506.113,509.4 2 1
github.com/kubestellar/hive/v2/pkg/hub/server.go:512.2,513.16 2 1
github.com/kubestellar/hive/v2/pkg/hub/server.go:513.16,516.3 2 0
github.com/kubestellar/hive/v2/pkg/hub/server.go:518.2,519.55 2 1
github.com/kubestellar/hive/v2/pkg/hub/server.go:519.55,522.3 2 1
github.com/kubestellar/hive/v2/pkg/hub/server.go:524.2,525.26 2 1
github.com/kubestellar/hive/v2/pkg/hub/server.go:525.26,528.3 2 1
github.com/kubestellar/hive/v2/pkg/hub/server.go:533.2,534.34 2 1
github.com/kubestellar/hive/v2/pkg/hub/server.go:534.34,537.3 2 1
github.com/kubestellar/hive/v2/pkg/hub/server.go:538.2,538.52 1 1
github.com/kubestellar/hive/v2/pkg/hub/server.go:538.52,541.3 2 1
github.com/kubestellar/hive/v2/pkg/hub/server.go:542.2,542.71 1 1
github.com/kubestellar/hive/v2/pkg/hub/server.go:542.71,545.3 2 1
github.com/kubestellar/hive/v2/pkg/hub/server.go:546.2,546.37 1 1
github.com/kubestellar/hive/v2/pkg/hub/server.go:546.37,547.28 1 1
github.com/kubestellar/hive/v2/pkg/hub/server.go:547.28,550.4 2 1
github.com/kubestellar/hive/v2/pkg/hub/server.go:552.2,552.143 1 1
github.com/kubestellar/hive/v2/pkg/hub/server.go:552.143,555.3 2 1
github.com/kubestellar/hive/v2/pkg/hub/server.go:556.2,556.140 1 1
github.com/kubestellar/hive/v2/pkg/hub/server.go:556.140,559.3 2 1
github.com/kubestellar/hive/v2/pkg/hub/server.go:561.2,564.35 4 1
github.com/kubestellar/hive/v2/pkg/hub/server.go:564.35,565.27 1 1
github.com/kubestellar/hive/v2/pkg/hub/server.go:565.27,568.4 2 1
github.com/kubestellar/hive/v2/pkg/hub/server.go:569.3,569.49 1 1
github.com/kubestellar/hive/v2/pkg/hub/server.go:571.2,571.41 1 1
github.com/kubestellar/hive/v2/pkg/hub/server.go:571.41,572.38 1 1
github.com/kubestellar/hive/v2/pkg/hub/server.go:572.38,575.4 2 1
github.com/kubestellar/hive/v2/pkg/hub/server.go:576.3,577.63 2 1
github.com/kubestellar/hive/v2/pkg/hub/server.go:579.2,586.26 3 1
github.com/kubestellar/hive/v2/pkg/hub/server.go:586.26,588.36 2 1
github.com/kubestellar/hive/v2/pkg/hub/server.go:588.36,590.5 1 1
github.com/kubestellar/hive/v2/pkg/hub/server.go:591.4,591.15 1 1
github.com/kubestellar/hive/v2/pkg/hub/server.go:599.26,601.37 2 1
github.com/kubestellar/hive/v2/pkg/hub/server.go:601.37,602.29 1 1
github.com/kubestellar/hive/v2/pkg/hub/server.go:602.29,604.6 1 1
github.com/kubestellar/hive/v2/pkg/hub/server.go:606.4,606.16 1 1
github.com/kubestellar/hive/v2/pkg/hub/server.go:615.27,616.30 1 1
github.com/kubestellar/hive/v2/pkg/hub/server.go:616.30,618.5 1 1
github.com/kubestellar/hive/v2/pkg/hub/server.go:619.4,619.98 1 1
github.com/kubestellar/hive/v2/pkg/hub/server.go:619.98,621.5 1 1
github.com/kubestellar/hive/v2/pkg/hub/server.go:622.4,622.18 1 1
github.com/kubestellar/hive/v2/pkg/hub/server.go:630.33,631.34 1 1
github.com/kubestellar/hive/v2/pkg/hub/server.go:631.34,635.5 3 1
github.com/kubestellar/hive/v2/pkg/hub/server.go:636.4,637.39 2 1
github.com/kubestellar/hive/v2/pkg/hub/server.go:637.39,639.5 1 1
github.com/kubestellar/hive/v2/pkg/hub/server.go:640.4,640.25 1 1
github.com/kubestellar/hive/v2/pkg/hub/server.go:642.42,644.39 2 1
github.com/kubestellar/hive/v2/pkg/hub/server.go:644.39,648.5 3 1
github.com/kubestellar/hive/v2/pkg/hub/server.go:649.4,649.30 1 1
github.com/kubestellar/hive/v2/pkg/hub/server.go:655.47,656.39 1 1
github.com/kubestellar/hive/v2/pkg/hub/server.go:656.39,658.5 1 0
github.com/kubestellar/hive/v2/pkg/hub/server.go:659.4,659.22 1 1
github.com/kubestellar/hive/v2/pkg/hub/server.go:667.2,668.51 2 1
github.com/kubestellar/hive/v2/pkg/hub/server.go:668.51,670.3 1 1
github.com/kubestellar/hive/v2/pkg/hub/server.go:671.2,671.48 1 1
github.com/kubestellar/hive/v2/pkg/hub/server.go:671.48,673.3 1 1
github.com/kubestellar/hive/v2/pkg/hub/server.go:674.2,674.21 1 1
github.com/kubestellar/hive/v2/pkg/hub/server.go:674.21,676.3 1 1
github.com/kubestellar/hive/v2/pkg/hub/server.go:677.2,678.40 2 1
github.com/kubestellar/hive/v2/pkg/hub/server.go:678.40,680.3 1 1
github.com/kubestellar/hive/v2/pkg/hub/server.go:682.2,682.23 1 1
github.com/kubestellar/hive/v2/pkg/hub/server.go:682.23,684.3 1 1
github.com/kubestellar/hive/v2/pkg/hub/server.go:686.2,688.37 3 1
github.com/kubestellar/hive/v2/pkg/hub/server.go:688.37,689.29 1 1
github.com/kubestellar/hive/v2/pkg/hub/server.go:689.29,691.31 2 1
github.com/kubestellar/hive/v2/pkg/hub/server.go:691.31,693.5 1 1
github.com/kubestellar/hive/v2/pkg/hub/server.go:696.4,696.39 1 1
github.com/kubestellar/hive/v2/pkg/hub/server.go:696.39,698.5 1 0
github.com/kubestellar/hive/v2/pkg/hub/server.go:699.4,700.29 2 1
github.com/kubestellar/hive/v2/pkg/hub/server.go:700.29,702.5 1 1
github.com/kubestellar/hive/v2/pkg/hub/server.go:703.4,704.170 2 1
github.com/kubestellar/hive/v2/pkg/hub/server.go:704.170,713.5 2 1
github.com/kubestellar/hive/v2/pkg/hub/server.go:713.10,713.73 1 1
github.com/kubestellar/hive/v2/pkg/hub/server.go:713.73,717.5 2 1
github.com/kubestellar/hive/v2/pkg/hub/server.go:717.10,717.51 1 1
github.com/kubestellar/hive/v2/pkg/hub/server.go:717.51,718.58 1 1
github.com/kubestellar/hive/v2/pkg/hub/server.go:718.58,721.6 2 0
github.com/kubestellar/hive/v2/pkg/hub/server.go:721.11,728.6 3 1
github.com/kubestellar/hive/v2/pkg/hub/server.go:731.4,737.20 7 1
github.com/kubestellar/hive/v2/pkg/hub/server.go:737.20,740.49 3 1
github.com/kubestellar/hive/v2/pkg/hub/server.go:740.49,742.6 1 0
github.com/kubestellar/hive/v2/pkg/hub/server.go:743.5,743.46 1 1
github.com/kubestellar/hive/v2/pkg/hub/server.go:743.46,745.6 1 0
github.com/kubestellar/hive/v2/pkg/hub/server.go:747.4,750.52 3 1
github.com/kubestellar/hive/v2/pkg/hub/server.go:750.52,751.78 1 1
github.com/kubestellar/hive/v2/pkg/hub/server.go:751.78,755.6 3 1
github.com/kubestellar/hive/v2/pkg/hub/server.go:757.4,757.9 1 1
github.com/kubestellar/hive/v2/pkg/hub/server.go:760.2,761.12 2 1
github.com/kubestellar/hive/v2/pkg/hub/server.go:761.12,762.97 1 1
github.com/kubestellar/hive/v2/pkg/hub/server.go:762.97,763.43 1 1
github.com/kubestellar/hive/v2/pkg/hub/server.go:763.43,767.5 3 1
github.com/kubestellar/hive/v2/pkg/hub/server.go:769.3,769.50 1 1
github.com/kubestellar/hive/v2/pkg/hub/server.go:769.50,773.4 3 0
github.com/kubestellar/hive/v2/pkg/hub/server.go:774.3,778.53 5 1
github.com/kubestellar/hive/v2/pkg/hub/server.go:780.2,787.59 4 1
github.com/kubestellar/hive/v2/pkg/hub/server.go:787.59,799.3 4 1
github.com/kubestellar/hive/v2/pkg/hub/server.go:802.2,802.37 1 1
github.com/kubestellar/hive/v2/pkg/hub/server.go:802.37,804.3 1 0
github.com/kubestellar/hive/v2/pkg/hub/server.go:806.2,815.18 3 1
github.com/kubestellar/hive/v2/pkg/hub/server.go:815.18,817.3 1 1
github.com/kubestellar/hive/v2/pkg/hub/server.go:818.2,825.40 3 1
github.com/kubestellar/hive/v2/pkg/hub/server.go:825.40,827.3 1 0
github.com/kubestellar/hive/v2/pkg/hub/server.go:833.2,833.77 1 1
github.com/kubestellar/hive/v2/pkg/hub/server.go:833.77,835.3 1 1
github.com/kubestellar/hive/v2/pkg/hub/server.go:850.2,852.161 2 1
github.com/kubestellar/hive/v2/pkg/hub/server.go:852.161,860.3 2 1
github.com/kubestellar/hive/v2/pkg/hub/server.go:865.2,865.59 1 1
github.com/kubestellar/hive/v2/pkg/hub/server.go:865.59,869.3 2 1
github.com/kubestellar/hive/v2/pkg/hub/server.go:882.2,883.69 2 1
github.com/kubestellar/hive/v2/pkg/hub/server.go:883.69,885.3 1 0
github.com/kubestellar/hive/v2/pkg/hub/server.go:890.2,894.21 5 1
github.com/kubestellar/hive/v2/pkg/hub/server.go:894.21,897.87 1 1
github.com/kubestellar/hive/v2/pkg/hub/server.go:897.87,900.36 3 1
github.com/kubestellar/hive/v2/pkg/hub/server.go:900.36,901.49 1 1
github.com/kubestellar/hive/v2/pkg/hub/server.go:901.49,904.11 3 1
github.com/kubestellar/hive/v2/pkg/hub/server.go:907.4,910.18 3 1
github.com/kubestellar/hive/v2/pkg/hub/server.go:911.9,915.4 2 1
github.com/kubestellar/hive/v2/pkg/hub/server.go:917.2,917.126 1 1
github.com/kubestellar/hive/v2/pkg/hub/server.go:917.126,926.3 4 1
github.com/kubestellar/hive/v2/pkg/hub/server.go:928.2,928.105 1 1
github.com/kubestellar/hive/v2/pkg/hub/server.go:928.105,935.3 2 1
github.com/kubestellar/hive/v2/pkg/hub/server.go:935.8,935.69 1 1
github.com/kubestellar/hive/v2/pkg/hub/server.go:935.69,942.3 2 1
github.com/kubestellar/hive/v2/pkg/hub/server.go:944.2,944.76 1 1
github.com/kubestellar/hive/v2/pkg/hub/server.go:944.76,951.3 2 1
github.com/kubestellar/hive/v2/pkg/hub/server.go:953.2,954.52 2 1
github.com/kubestellar/hive/v2/pkg/hub/server.go:954.52,960.3 1 1
github.com/kubestellar/hive/v2/pkg/hub/server.go:961.2,965.15 4 1
github.com/kubestellar/hive/v2/pkg/hub/server.go:968.95,972.2 3 1
github.com/kubestellar/hive/v2/pkg/hub/server.go:974.92,978.9 4 1
github.com/kubestellar/hive/v2/pkg/hub/server.go:978.9,980.3 1 1
github.com/kubestellar/hive/v2/pkg/hub/server.go:981.2,982.12 2 1
github.com/kubestellar/hive/v2/pkg/hub/server.go:985.76,991.37 6 1
github.com/kubestellar/hive/v2/pkg/hub/server.go:991.37,992.43 1 1
github.com/kubestellar/hive/v2/pkg/hub/server.go:992.43,994.4 1 1
github.com/kubestellar/hive/v2/pkg/hub/server.go:996.2,997.37 2 1
github.com/kubestellar/hive/v2/pkg/hub/server.go:997.37,998.18 1 1
github.com/kubestellar/hive/v2/pkg/hub/server.go:998.18,999.12 1 1
github.com/kubestellar/hive/v2/pkg/hub/server.go:1001.3,1001.65 1 1
github.com/kubestellar/hive/v2/pkg/hub/server.go:1001.65,1002.12 1 1
github.com/kubestellar/hive/v2/pkg/hub/server.go:1004.3,1004.45 1 1
github.com/kubestellar/hive/v2/pkg/hub/server.go:1006.2,1010.15 4 1
github.com/kubestellar/hive/v2/pkg/hub/server.go:1013.79,1021.2 6 1
github.com/kubestellar/hive/v2/pkg/hub/server.go:1023.78,1024.23 1 1
github.com/kubestellar/hive/v2/pkg/hub/server.go:1024.23,1026.113 2 1
github.com/kubestellar/hive/v2/pkg/hub/server.go:1026.113,1029.4 2 1
github.com/kubestellar/hive/v2/pkg/hub/server.go:1032.2,1033.16 2 1
github.com/kubestellar/hive/v2/pkg/hub/server.go:1033.16,1036.3 2 0
github.com/kubestellar/hive/v2/pkg/hub/server.go:1037.2,1042.55 2 1
github.com/kubestellar/hive/v2/pkg/hub/server.go:1042.55,1045.3 2 1
github.com/kubestellar/hive/v2/pkg/hub/server.go:1046.2,1047.26 2 1
github.com/kubestellar/hive/v2/pkg/hub/server.go:1047.26,1050.3 2 1
github.com/kubestellar/hive/v2/pkg/hub/server.go:1051.2,1051.41 1 1
github.com/kubestellar/hive/v2/pkg/hub/server.go:1051.41,1053.3 1 1
github.com/kubestellar/hive/v2/pkg/hub/server.go:1055.2,1057.37 3 1
github.com/kubestellar/hive/v2/pkg/hub/server.go:1057.37,1058.29 1 1
github.com/kubestellar/hive/v2/pkg/hub/server.go:1058.29,1059.17 1 1
github.com/kubestellar/hive/v2/pkg/hub/server.go:1059.17,1063.5 3 1
github.com/kubestellar/hive/v2/pkg/hub/server.go:1064.4,1067.39 4 1
github.com/kubestellar/hive/v2/pkg/hub/server.go:1067.39,1069.5 1 1
github.com/kubestellar/hive/v2/pkg/hub/server.go:1070.4,1071.9 2 1
github.com/kubestellar/hive/v2/pkg/hub/server.go:1074.2,1077.32 3 1
github.com/kubestellar/hive/v2/pkg/hub/server.go:1080.73,1088.37 8 1
github.com/kubestellar/hive/v2/pkg/hub/server.go:1088.37,1089.18 1 1
github.com/kubestellar/hive/v2/pkg/hub/server.go:1089.18,1090.12 1 1
github.com/kubestellar/hive/v2/pkg/hub/server.go:1092.3,1097.15 6 1
github.com/kubestellar/hive/v2/pkg/hub/server.go:1097.15,1099.4 1 1
github.com/kubestellar/hive/v2/pkg/hub/server.go:1101.2,1112.15 4 1
github.com/kubestellar/hive/v2/pkg/hub/server.go:1137.52,1140.37 3 1
github.com/kubestellar/hive/v2/pkg/hub/server.go:1140.37,1141.31 1 1
github.com/kubestellar/hive/v2/pkg/hub/server.go:1141.31,1142.12 1 1
github.com/kubestellar/hive/v2/pkg/hub/server.go:1144.3,1145.29 2 1
github.com/kubestellar/hive/v2/pkg/hub/server.go:1145.29,1146.15 1 1
github.com/kubestellar/hive/v2/pkg/hub/server.go:1146.15,1147.13 1 1
github.com/kubestellar/hive/v2/pkg/hub/server.go:1151.4,1152.48 2 1
github.com/kubestellar/hive/v2/pkg/hub/server.go:1152.48,1154.5 1 1
github.com/kubestellar/hive/v2/pkg/hub/server.go:1155.4,1155.29 1 1
github.com/kubestellar/hive/v2/pkg/hub/server.go:1157.3,1157.28 1 1
github.com/kubestellar/hive/v2/pkg/hub/server.go:1157.28,1159.4 1 1
github.com/kubestellar/hive/v2/pkg/hub/server.go:1160.3,1160.30 1 1
github.com/kubestellar/hive/v2/pkg/hub/server.go:1160.30,1162.4 1 1
github.com/kubestellar/hive/v2/pkg/hub/server.go:1163.3,1163.26 1 1
github.com/kubestellar/hive/v2/pkg/hub/server.go:1163.26,1165.4 1 1
github.com/kubestellar/hive/v2/pkg/hub/server.go:1167.2,1168.11 2 1
github.com/kubestellar/hive/v2/pkg/hub/server.go:1171.78,1184.2 10 1
github.com/kubestellar/hive/v2/pkg/hub/server.go:1187.56,1189.37 2 1
github.com/kubestellar/hive/v2/pkg/hub/server.go:1189.37,1190.17 1 1
github.com/kubestellar/hive/v2/pkg/hub/server.go:1190.17,1196.4 5 1
github.com/kubestellar/hive/v2/pkg/hub/server.go:1198.2,1198.15 1 1
github.com/kubestellar/hive/v2/pkg/hub/server.go:1201.82,1203.52 2 1
github.com/kubestellar/hive/v2/pkg/hub/server.go:1203.52,1206.3 2 1
github.com/kubestellar/hive/v2/pkg/hub/server.go:1207.2,1210.37 4 1
github.com/kubestellar/hive/v2/pkg/hub/server.go:1210.37,1211.17 1 1
github.com/kubestellar/hive/v2/pkg/hub/server.go:1211.17,1214.9 3 1
github.com/kubestellar/hive/v2/pkg/hub/server.go:1217.2,1218.13 2 1
github.com/kubestellar/hive/v2/pkg/hub/server.go:1218.13,1221.3 2 1
github.com/kubestellar/hive/v2/pkg/hub/server.go:1222.2,1223.73 2 1
github.com/kubestellar/hive/v2/pkg/hub/server.go:1226.78,1235.55 3 1
github.com/kubestellar/hive/v2/pkg/hub/server.go:1235.55,1237.3 1 1
github.com/kubestellar/hive/v2/pkg/hub/server.go:1238.2,1240.15 3 1
github.com/kubestellar/hive/v2/pkg/hub/server.go:1243.38,1246.34 3 1
github.com/kubestellar/hive/v2/pkg/hub/server.go:1246.34,1247.46 1 1
github.com/kubestellar/hive/v2/pkg/hub/server.go:1247.46,1250.12 3 1
github.com/kubestellar/hive/v2/pkg/hub/server.go:1252.3,1253.17 2 1
github.com/kubestellar/hive/v2/pkg/hub/server.go:1253.17,1256.12 3 1
github.com/kubestellar/hive/v2/pkg/hub/server.go:1258.3,1259.27 2 1
github.com/kubestellar/hive/v2/pkg/hub/server.go:1259.27,1261.12 2 1
github.com/kubestellar/hive/v2/pkg/hub/server.go:1263.3,1264.43 2 1
github.com/kubestellar/hive/v2/pkg/hub/server.go:1266.2,1266.25 1 1
github.com/kubestellar/hive/v2/pkg/hub/server.go:1269.60,1271.37 2 1
github.com/kubestellar/hive/v2/pkg/hub/server.go:1271.37,1272.18 1 1
github.com/kubestellar/hive/v2/pkg/hub/server.go:1272.18,1273.12 1 1
github.com/kubestellar/hive/v2/pkg/hub/server.go:1275.3,1275.36 1 1
github.com/kubestellar/hive/v2/pkg/hub/server.go:1275.36,1276.58 1 1
github.com/kubestellar/hive/v2/pkg/hub/server.go:1276.58,1277.13 1 1
github.com/kubestellar/hive/v2/pkg/hub/server.go:1279.4,1279.53 1 1
github.com/kubestellar/hive/v2/pkg/hub/server.go:1279.53,1282.18 3 1
github.com/kubestellar/hive/v2/pkg/hub/server.go:1282.18,1286.6 3 1
github.com/kubestellar/hive/v2/pkg/hub/server.go:1287.10,1290.5 2 1
github.com/kubestellar/hive/v2/pkg/hub/server.go:1293.2,1294.27 2 1
github.com/kubestellar/hive/v2/pkg/hub/server.go:1294.27,1295.63 1 1
github.com/kubestellar/hive/v2/pkg/hub/server.go:1295.63,1296.12 1 1
github.com/kubestellar/hive/v2/pkg/hub/server.go:1298.3,1298.30 1 1
github.com/kubestellar/hive/v2/pkg/hub/server.go:1300.2,1300.15 1 1
github.com/kubestellar/hive/v2/pkg/hub/server.go:1303.63,1304.54 1 1
github.com/kubestellar/hive/v2/pkg/hub/server.go:1304.54,1306.17 2 1
github.com/kubestellar/hive/v2/pkg/hub/server.go:1306.17,1309.4 2 1
github.com/kubestellar/hive/v2/pkg/hub/server.go:1310.3,1311.16 2 1
github.com/kubestellar/hive/v2/pkg/hub/server.go:1315.36,1317.16 2 1
github.com/kubestellar/hive/v2/pkg/hub/server.go:1317.16,1320.3 2 1
github.com/kubestellar/hive/v2/pkg/hub/server.go:1321.2,1321.58 1 1
github.com/kubestellar/hive/v2/pkg/hub/server.go:1321.58,1323.3 1 1
github.com/kubestellar/hive/v2/pkg/hub/server.go:1323.8,1325.3 1 1
github.com/kubestellar/hive/v2/pkg/hub/server.go:1328.35,1329.9 1 1
github.com/kubestellar/hive/v2/pkg/hub/server.go:1330.30,1330.30 0 1
github.com/kubestellar/hive/v2/pkg/hub/server.go:1331.10,1331.10 0 1
github.com/kubestellar/hive/v2/pkg/hub/server.go:1335.32,1336.21 1 1
github.com/kubestellar/hive/v2/pkg/hub/server.go:1336.21,1341.17 5 1
github.com/kubestellar/hive/v2/pkg/hub/server.go:1341.17,1343.12 2 0
github.com/kubestellar/hive/v2/pkg/hub/server.go:1345.3,1346.60 2 1
github.com/kubestellar/hive/v2/pkg/hub/server.go:1346.60,1348.12 2 1
github.com/kubestellar/hive/v2/pkg/hub/server.go:1350.3,1350.58 1 0
github.com/kubestellar/hive/v2/pkg/hub/server.go:1350.58,1352.4 1 0
github.com/kubestellar/hive/v2/pkg/hub/server.go:1356.57,1359.37 3 1
github.com/kubestellar/hive/v2/pkg/hub/server.go:1359.37,1360.125 1 1
github.com/kubestellar/hive/v2/pkg/hub/server.go:1360.125,1363.4 2 1
github.com/kubestellar/hive/v2/pkg/hub/server.go:1365.2,1365.12 1 1
github.com/kubestellar/hive/v2/pkg/hub/server.go:1368.83,1370.17 2 1
github.com/kubestellar/hive/v2/pkg/hub/server.go:1370.17,1374.3 3 1
github.com/kubestellar/hive/v2/pkg/hub/server.go:1375.2,1376.16 2 0
github.com/kubestellar/hive/v2/pkg/hub/server.go:1376.16,1379.3 2 0
github.com/kubestellar/hive/v2/pkg/hub/server.go:1380.2,1384.23 5 0
github.com/kubestellar/hive/v2/pkg/hub/server.go:1387.84,1389.17 2 1
github.com/kubestellar/hive/v2/pkg/hub/server.go:1389.17,1396.3 3 1
github.com/kubestellar/hive/v2/pkg/hub/server.go:1397.2,1403.4 2 1
github.com/kubestellar/hive/v2/pkg/hub/server.go:1406.85,1408.17 2 1
github.com/kubestellar/hive/v2/pkg/hub/server.go:1408.17,1411.3 2 1
github.com/kubestellar/hive/v2/pkg/hub/server.go:1412.2,1413.16 2 0
github.com/kubestellar/hive/v2/pkg/hub/server.go:1413.16,1416.3 2 0
github.com/kubestellar/hive/v2/pkg/hub/server.go:1417.2,1421.23 5 0
github.com/kubestellar/hive/v2/pkg/hub/server.go:1428.60,1429.76 1 1
github.com/kubestellar/hive/v2/pkg/hub/server.go:1429.76,1430.40 1 1
github.com/kubestellar/hive/v2/pkg/hub/server.go:1430.40,1432.9 2 1
github.com/kubestellar/hive/v2/pkg/hub/server.go:1435.2,1436.51 2 1
github.com/kubestellar/hive/v2/pkg/hub/server.go:1436.51,1438.3 1 1
github.com/kubestellar/hive/v2/pkg/hub/server.go:1439.2,1443.28 3 1
github.com/kubestellar/hive/v2/pkg/hub/server.go:1443.28,1444.33 1 1
github.com/kubestellar/hive/v2/pkg/hub/server.go:1444.33,1446.4 1 1
github.com/kubestellar/hive/v2/pkg/hub/server.go:1450.2,1454.16 5 1
github.com/kubestellar/hive/v2/pkg/hub/server.go:1454.16,1457.3 1 1
github.com/kubestellar/hive/v2/pkg/hub/server.go:1458.2,1458.29 1 1
github.com/kubestellar/hive/v2/pkg/hub/server.go:1458.29,1459.29 1 1
github.com/kubestellar/hive/v2/pkg/hub/server.go:1459.29,1460.34 1 1
github.com/kubestellar/hive/v2/pkg/hub/server.go:1460.34,1462.5 1 0
github.com/kubestellar/hive/v2/pkg/hub/server.go:1466.2,1466.14 1 1
github.com/kubestellar/hive/v2/pkg/hub/server.go:1469.36,1470.13 1 1
github.com/kubestellar/hive/v2/pkg/hub/server.go:1470.13,1472.3 1 1
github.com/kubestellar/hive/v2/pkg/hub/server.go:1473.2,1473.13 1 1
github.com/kubestellar/hive/v2/pkg/hub/server.go:1473.13,1475.3 1 1
github.com/kubestellar/hive/v2/pkg/hub/server.go:1476.2,1476.10 1 1
github.com/kubestellar/hive/v2/pkg/hub/server.go:1489.35,1490.24 1 1
github.com/kubestellar/hive/v2/pkg/hub/server.go:1490.24,1492.3 1 1
github.com/kubestellar/hive/v2/pkg/hub/server.go:1493.2,1494.11 2 1
github.com/kubestellar/hive/v2/pkg/hub/server.go:1497.42,1498.13 1 1
github.com/kubestellar/hive/v2/pkg/hub/server.go:1498.13,1500.3 1 1
github.com/kubestellar/hive/v2/pkg/hub/server.go:1501.2,1501.13 1 1
github.com/kubestellar/hive/v2/pkg/hub/server.go:1501.13,1503.3 1 1
github.com/kubestellar/hive/v2/pkg/hub/server.go:1504.2,1504.10 1 1
github.com/kubestellar/hive/v2/pkg/hub/server.go:1507.46,1509.22 2 1
github.com/kubestellar/hive/v2/pkg/hub/server.go:1509.22,1510.129 1 1
github.com/kubestellar/hive/v2/pkg/hub/server.go:1510.129,1512.4 1 1
github.com/kubestellar/hive/v2/pkg/hub/server.go:1514.2,1514.19 1 1
github.com/kubestellar/hive/v2/pkg/hub/server.go:1527.41,1533.13 6 1
github.com/kubestellar/hive/v2/pkg/hub/server.go:1533.13,1535.3 1 0
github.com/kubestellar/hive/v2/pkg/hub/server.go:1536.2,1538.55 2 1
github.com/kubestellar/hive/v2/pkg/hub/server.go:1538.55,1540.3 1 0
github.com/kubestellar/hive/v2/pkg/hub/server.go:1542.2,1542.20 1 1
github.com/kubestellar/hive/v2/pkg/hub/server.go:1542.20,1544.3 1 0
github.com/kubestellar/hive/v2/pkg/hub/server.go:1545.2,1545.33 1 1
github.com/kubestellar/hive/v2/pkg/hub/server.go:1556.43,1558.68 2 1
github.com/kubestellar/hive/v2/pkg/hub/server.go:1558.68,1560.3 1 1
github.com/kubestellar/hive/v2/pkg/hub/server.go:1561.2,1561.38 1 0
github.com/kubestellar/hive/v2/pkg/hub/sha_compare.go:15.32,17.30 2 1
github.com/kubestellar/hive/v2/pkg/hub/sha_compare.go:17.30,19.3 1 1
github.com/kubestellar/hive/v2/pkg/hub/sha_compare.go:20.2,20.27 1 1
github.com/kubestellar/hive/v2/pkg/hub/sha_compare.go:30.35,33.24 3 1
github.com/kubestellar/hive/v2/pkg/hub/sha_compare.go:33.24,35.3 1 1
github.com/kubestellar/hive/v2/pkg/hub/sha_compare.go:36.2,37.16 2 1
github.com/kubestellar/hive/v2/pkg/hub/sha_compare.go:37.16,39.3 1 1
github.com/kubestellar/hive/v2/pkg/hub/sha_compare.go:40.2,40.40 1 1
github.com/kubestellar/hive/v2/pkg/hub/sso.go:59.80,60.52 1 1
github.com/kubestellar/hive/v2/pkg/hub/sso.go:60.52,62.3 1 1
github.com/kubestellar/hive/v2/pkg/hub/sso.go:63.2,72.16 3 1
github.com/kubestellar/hive/v2/pkg/hub/sso.go:72.16,74.3 1 0
github.com/kubestellar/hive/v2/pkg/hub/sso.go:75.2,77.25 3 1
github.com/kubestellar/hive/v2/pkg/hub/sso.go:85.109,86.18 1 1
github.com/kubestellar/hive/v2/pkg/hub/sso.go:86.18,88.3 1 1
github.com/kubestellar/hive/v2/pkg/hub/sso.go:89.2,90.57 2 1
github.com/kubestellar/hive/v2/pkg/hub/sso.go:90.57,92.3 1 1
github.com/kubestellar/hive/v2/pkg/hub/sso.go:93.2,97.48 3 1
github.com/kubestellar/hive/v2/pkg/hub/sso.go:97.48,99.3 1 1
github.com/kubestellar/hive/v2/pkg/hub/sso.go:101.2,102.16 2 1
github.com/kubestellar/hive/v2/pkg/hub/sso.go:102.16,104.3 1 0
github.com/kubestellar/hive/v2/pkg/hub/sso.go:105.2,106.53 2 1
github.com/kubestellar/hive/v2/pkg/hub/sso.go:106.53,108.3 1 0
github.com/kubestellar/hive/v2/pkg/hub/sso.go:109.2,109.39 1 1
github.com/kubestellar/hive/v2/pkg/hub/sso.go:109.39,111.3 1 0
github.com/kubestellar/hive/v2/pkg/hub/sso.go:112.2,112.37 1 1
github.com/kubestellar/hive/v2/pkg/hub/sso.go:112.37,114.3 1 1
github.com/kubestellar/hive/v2/pkg/hub/sso.go:115.2,115.27 1 1
github.com/kubestellar/hive/v2/pkg/hub/sso.go:115.27,117.3 1 0
github.com/kubestellar/hive/v2/pkg/hub/sso.go:118.2,120.36 3 1
github.com/kubestellar/hive/v2/pkg/hub/sso.go:120.36,122.3 1 1
github.com/kubestellar/hive/v2/pkg/hub/sso.go:123.2,123.34 1 1
github.com/kubestellar/hive/v2/pkg/hub/sso.go:123.34,125.3 1 1
github.com/kubestellar/hive/v2/pkg/hub/sso.go:126.2,126.42 1 1
github.com/kubestellar/hive/v2/pkg/hub/sso.go:130.42,134.2 3 1
github.com/kubestellar/hive/v2/pkg/hub/webhook.go:53.81,55.17 2 1
github.com/kubestellar/hive/v2/pkg/hub/webhook.go:55.17,58.3 2 1
github.com/kubestellar/hive/v2/pkg/hub/webhook.go:60.2,61.16 2 1
github.com/kubestellar/hive/v2/pkg/hub/webhook.go:61.16,64.3 2 0
github.com/kubestellar/hive/v2/pkg/hub/webhook.go:66.2,66.49 1 1
github.com/kubestellar/hive/v2/pkg/hub/webhook.go:66.49,68.49 2 1
github.com/kubestellar/hive/v2/pkg/hub/webhook.go:68.49,72.4 3 1
github.com/kubestellar/hive/v2/pkg/hub/webhook.go:75.2,75.15 1 1
github.com/kubestellar/hive/v2/pkg/hub/webhook.go:76.51,77.34 1 1
github.com/kubestellar/hive/v2/pkg/hub/webhook.go:78.10,79.59 1 1
github.com/kubestellar/hive/v2/pkg/hub/webhook.go:82.2,83.36 2 1
github.com/kubestellar/hive/v2/pkg/hub/webhook.go:86.58,88.51 2 1
github.com/kubestellar/hive/v2/pkg/hub/webhook.go:88.51,91.3 2 1
github.com/kubestellar/hive/v2/pkg/hub/webhook.go:93.2,93.54 1 1
github.com/kubestellar/hive/v2/pkg/hub/webhook.go:93.54,96.3 2 1
github.com/kubestellar/hive/v2/pkg/hub/webhook.go:98.2,103.37 5 1
github.com/kubestellar/hive/v2/pkg/hub/webhook.go:103.37,105.3 1 1
github.com/kubestellar/hive/v2/pkg/hub/webhook.go:106.2,106.42 1 1
github.com/kubestellar/hive/v2/pkg/hub/webhook.go:106.42,108.3 1 0
github.com/kubestellar/hive/v2/pkg/hub/webhook.go:110.2,122.17 3 1
github.com/kubestellar/hive/v2/pkg/hub/webhook.go:122.17,124.3 1 1
github.com/kubestellar/hive/v2/pkg/hub/webhook.go:127.2,127.17 1 1
github.com/kubestellar/hive/v2/pkg/hub/webhook.go:127.17,134.3 3 1
github.com/kubestellar/hive/v2/pkg/hub/webhook.go:136.2,141.33 2 1
github.com/kubestellar/hive/v2/pkg/hub/webhook.go:141.33,142.36 1 1
github.com/kubestellar/hive/v2/pkg/hub/webhook.go:142.36,144.5 1 0
github.com/kubestellar/hive/v2/pkg/hub/webhook.go:145.4,145.27 1 1
github.com/kubestellar/hive/v2/pkg/hub/webhook.go:149.2,153.4 1 1
github.com/kubestellar/hive/v2/pkg/hub/webhook.go:156.83,161.26 4 1
github.com/kubestellar/hive/v2/pkg/hub/webhook.go:161.26,163.3 1 1
github.com/kubestellar/hive/v2/pkg/hub/webhook.go:165.2,166.34 2 1
github.com/kubestellar/hive/v2/pkg/hub/webhook.go:166.34,168.37 2 1
github.com/kubestellar/hive/v2/pkg/hub/webhook.go:168.37,169.12 1 1
github.com/kubestellar/hive/v2/pkg/hub/webhook.go:172.3,172.36 1 1
github.com/kubestellar/hive/v2/pkg/hub/webhook.go:172.36,173.42 1 1
github.com/kubestellar/hive/v2/pkg/hub/webhook.go:173.42,175.5 1 1
github.com/kubestellar/hive/v2/pkg/hub/webhook.go:177.3,177.46 1 1
github.com/kubestellar/hive/v2/pkg/hub/webhook.go:177.46,179.4 1 1
github.com/kubestellar/hive/v2/pkg/hub/webhook.go:181.3,181.22 1 1
github.com/kubestellar/hive/v2/pkg/hub/webhook.go:181.22,183.4 1 1
github.com/kubestellar/hive/v2/pkg/hub/webhook.go:186.2,186.40 1 1
github.com/kubestellar/hive/v2/pkg/hub/webhook.go:186.40,188.3 1 1
github.com/kubestellar/hive/v2/pkg/hub/webhook.go:189.2,189.12 1 1
github.com/kubestellar/hive/v2/pkg/hub/webhook.go:192.95,194.22 2 1
github.com/kubestellar/hive/v2/pkg/hub/webhook.go:194.22,196.3 1 1
github.com/kubestellar/hive/v2/pkg/hub/webhook.go:198.2,202.22 2 1
github.com/kubestellar/hive/v2/pkg/hub/webhook.go:202.22,204.3 1 1
github.com/kubestellar/hive/v2/pkg/hub/webhook.go:206.2,207.16 2 1
github.com/kubestellar/hive/v2/pkg/hub/webhook.go:207.16,210.3 2 0
github.com/kubestellar/hive/v2/pkg/hub/webhook.go:212.2,216.61 4 1
github.com/kubestellar/hive/v2/pkg/hub/webhook.go:216.61,217.18 1 1
github.com/kubestellar/hive/v2/pkg/hub/webhook.go:217.18,220.4 2 1
github.com/kubestellar/hive/v2/pkg/hub/webhook.go:222.3,224.17 3 1
github.com/kubestellar/hive/v2/pkg/hub/webhook.go:224.17,228.4 3 0
github.com/kubestellar/hive/v2/pkg/hub/webhook.go:229.3,230.22 2 1
github.com/kubestellar/hive/v2/pkg/hub/webhook.go:230.22,232.4 1 1
github.com/kubestellar/hive/v2/pkg/hub/webhook.go:234.3,235.17 2 1
github.com/kubestellar/hive/v2/pkg/hub/webhook.go:235.17,239.12 4 1
github.com/kubestellar/hive/v2/pkg/hub/webhook.go:242.3,246.47 4 1
github.com/kubestellar/hive/v2/pkg/hub/webhook.go:246.47,253.4 2 1
github.com/kubestellar/hive/v2/pkg/hub/webhook.go:255.3,260.9 2 1
github.com/kubestellar/hive/v2/pkg/hub/webhook.go:263.2,267.3 1 0
github.com/kubestellar/hive/v2/pkg/hub/webhook.go:273.67,275.21 2 1
github.com/kubestellar/hive/v2/pkg/hub/webhook.go:275.21,277.3 1 1
github.com/kubestellar/hive/v2/pkg/hub/webhook.go:279.2,280.9 2 1
github.com/kubestellar/hive/v2/pkg/hub/webhook.go:280.9,283.3 2 1
github.com/kubestellar/hive/v2/pkg/hub/webhook.go:286.2,289.32 3 1
github.com/kubestellar/hive/v2/pkg/hub/webhook.go:289.32,290.129 1 1
github.com/kubestellar/hive/v2/pkg/hub/webhook.go:290.129,292.4 1 1
github.com/kubestellar/hive/v2/pkg/hub/webhook.go:296.2,298.33 2 1
github.com/kubestellar/hive/v2/pkg/hub/webhook.go:298.33,301.3 2 1
github.com/kubestellar/hive/v2/pkg/hub/webhook.go:303.2,304.16 2 0
github.com/kubestellar/hive/v2/pkg/hub/webhook.go:304.16,307.3 2 0
github.com/kubestellar/hive/v2/pkg/hub/webhook.go:308.2,308.16 1 0
github.com/kubestellar/hive/v2/pkg/hub/webhook.go:311.68,314.21 3 1
github.com/kubestellar/hive/v2/pkg/hub/webhook.go:314.21,316.3 1 1
github.com/kubestellar/hive/v2/pkg/hub/webhook.go:318.2,319.9 2 1
github.com/kubestellar/hive/v2/pkg/hub/webhook.go:319.9,321.3 1 1
github.com/kubestellar/hive/v2/pkg/hub/webhook.go:323.2,325.33 2 1
github.com/kubestellar/hive/v2/pkg/hub/webhook.go:325.33,327.3 1 1
github.com/kubestellar/hive/v2/pkg/hub/webhook.go:329.2,330.16 2 1
github.com/kubestellar/hive/v2/pkg/hub/webhook.go:330.16,332.3 1 0
github.com/kubestellar/hive/v2/pkg/hub/webhook.go:333.2,333.16 1 1
github.com/kubestellar/hive/v2/pkg/hub/webhook.go:336.33,337.50 1 1
github.com/kubestellar/hive/v2/pkg/hub/webhook.go:337.50,339.3 1 1
github.com/kubestellar/hive/v2/pkg/hub/webhook.go:340.2,340.61 1 1
github.com/kubestellar/hive/v2/pkg/hub/webhook.go:340.61,342.3 1 0
github.com/kubestellar/hive/v2/pkg/hub/webhook.go:343.2,343.11 1 1
github.com/kubestellar/hive/v2/pkg/hub/webhook.go:346.76,347.46 1 1
github.com/kubestellar/hive/v2/pkg/hub/webhook.go:347.46,349.3 1 1
github.com/kubestellar/hive/v2/pkg/hub/webhook.go:350.2,351.16 2 1
github.com/kubestellar/hive/v2/pkg/hub/webhook.go:351.16,353.3 1 1
github.com/kubestellar/hive/v2/pkg/hub/webhook.go:354.2,357.34 4 1
github.com/kubestellar/hive/v2/pkg/hub/webhook.go:369.82,378.2 3 1
github.com/kubestellar/hive/v2/pkg/hub/webhook.go:380.73,383.34 3 1
github.com/kubestellar/hive/v2/pkg/hub/webhook.go:383.34,385.33 2 1
github.com/kubestellar/hive/v2/pkg/hub/webhook.go:385.33,386.12 1 1
github.com/kubestellar/hive/v2/pkg/hub/webhook.go:388.3,388.36 1 1
github.com/kubestellar/hive/v2/pkg/hub/webhook.go:388.36,390.4 1 1
github.com/kubestellar/hive/v2/pkg/hub/webhook.go:392.2,392.12 1 1
github.com/kubestellar/hive/v2/pkg/hub/webhook.go:395.66,399.61 4 1
github.com/kubestellar/hive/v2/pkg/hub/webhook.go:399.61,402.3 2 1
github.com/kubestellar/hive/v2/pkg/hub/webhook.go:403.2,408.34 5 1
github.com/kubestellar/hive/v2/pkg/hub/webhook.go:408.34,409.39 1 1
github.com/kubestellar/hive/v2/pkg/hub/webhook.go:409.39,411.9 2 1
github.com/kubestellar/hive/v2/pkg/hub/webhook.go:414.2,416.17 2 1
github.com/kubestellar/hive/v2/pkg/hub/webhook.go:416.17,420.3 2 1
github.com/kubestellar/hive/v2/pkg/hub/webhook.go:422.2,434.4 3 1
